choice,opponent,p1 first,p2 first,p2 second,p1 second,result,notes
2,tgronw4m,reach,pelin,hunding,psijic,w,Morbi vel lectus in quam fringilla rhoncus.
1,ggillbee1m,pelin,hlaalu,crow,hunding,w,In hac habitasse platea dictumst.
2,cdearman2p,pelin,hunding,reach,crow,l,
1,mbolle3n,hunding,pelin,crow,hlaalu,w,
1,mcuthbertson1t,hunding,psijic,hlaalu,pelin,w,"In est risus, auctor sed, tristique in, tempus sit amet, sem."
2,bogger51,crow,pelin,hunding,psijic,l,"Cras pellentesque volutpat dui. Maecenas tristique, est et tempus semper, est quam pharetra magna, ac consequat metus sapien ut nunc."
1,dboddington4b,hunding,psijic,pelin,hlaalu,l,
1,vsuermeier4c,hunding,reach,crow,pelin,l,"Cum sociis natoque penatibus et magnis dis parturient montes, nascetur ridiculus mus. Vivamus vestibulum sagittis sapien."
1,cmeier3i,hunding,crow,pelin,hlaalu,w,Donec vitae nisi.
1,tharesnape10,hlaalu,reach,crow,orgnum,l,Duis ac nibh.
1,tglanton17,hunding,crow,reach,rajhin,l,Maecenas pulvinar lobortis est.
1,mgrieswood0,hunding,hlaalu,psijic,pelin,w,
2,dgocke4h,hunding,pelin,hlaalu,crow,w,
1,bmartellop,hunding,pelin,crow,hlaalu,w,Phasellus id sapien in sapien iaculis congue.
1,iwiddall3c,hunding,reach,hlaalu,pelin,w,"Cras mi pede, malesuada in, imperdiet et, commodo vulputate, justo. In blandit ultrices enim."
1,sferentz2b,hunding,pelin,reach,crow,l,Suspendisse potenti. Nullam porttitor lacus at turpis.
1,vsuermeier4c,hunding,hlaalu,psijic,pelin,w,"In tempor, turpis nec euismod scelerisque, quam turpis adipiscing lorem, vitae mattis nibh ligula nec sem."
2,aladell3l,reach,pelin,hunding,hlaalu,w,"Fusce lacus purus, aliquet at, feugiat non, pretium quis, lectus."
1,bharriss2y,hunding,psijic,hlaalu,pelin,w,Pellentesque eget nunc. Donec quis orci eget orci vehicula condimentum.
2,sbaly3r,hlaalu,pelin,hunding,crow,l,Morbi non quam nec dui luctus rutrum.
1,adenisyukl,hunding,pelin,crow,rajhin,w,
1,dbicheno26,hunding,hlaalu,pelin,rajhin,w,
2,enettles53,reach,pelin,hunding,hlaalu,w,"Mauris enim leo, rhoncus sed, vestibulum sit amet, cursus id, turpis."
2,bwellsteadw,crow,hunding,rajhin,reach,l,
2,cdodsonr,hlaalu,pelin,hunding,crow,w,Suspendisse potenti. Cras in purus eu magna vulputate luctus.
1,cgawkroge4x,hunding,reach,crow,hlaalu,w,Maecenas rhoncus aliquam lacus. Morbi quis tortor id nulla ultrices aliquet.
2,hroofeq,crow,pelin,hunding,reach,w,Suspendisse potenti.
2,eestable22,hunding,pelin,crow,hlaalu,w,
1,jziehms4w,hunding,psijic,rajhin,pelin,c,"Vivamus metus arcu, adipiscing molestie, hendrerit at, vulputate vitae, nisl. Aenean lectus."
1,enettles53,hunding,reach,crow,pelin,w,
2,jberston2a,pelin,hunding,hlaalu,crow,w,Nullam porttitor lacus at turpis.
2,bgoldstein48,orgnum,hunding,hlaalu,reach,w,"Vivamus metus arcu, adipiscing molestie, hendrerit at, vulputate vitae, nisl. Aenean lectus."
1,bcranchv,hunding,reach,hlaalu,pelin,w,
1,nlampet3,hunding,pelin,reach,hlaalu,l,"Donec odio justo, sollicitudin ut, suscipit a, feugiat et, eros."
1,kharpur3v,hunding,reach,pelin,rajhin,l,Suspendisse accumsan tortor quis turpis.
1,bbertelsen49,hunding,reach,hlaalu,rajhin,l,"Lorem ipsum dolor sit amet, consectetuer adipiscing elit."
1,hpretoriuso,hunding,crow,orgnum,hlaalu,w,"Vestibulum ante ipsum primis in faucibus orci luctus et ultrices posuere cubilia Curae; Donec pharetra, magna vestibulum aliquet ultrices, erat tortor sollicitudin mi, sit amet lobortis sapien sapien non mi. Integer ac neque."
1,abaxstare1o,hunding,crow,orgnum,hlaalu,w,Vivamus vel nulla eget eros elementum pellentesque.
2,tharesnape10,pelin,hunding,reach,psijic,l,
1,cmcinteer2x,hunding,hlaalu,crow,pelin,w,Duis consequat dui nec nisi volutpat eleifend.
2,lbird1u,pelin,hunding,hlaalu,crow,c,Donec ut mauris eget massa tempor convallis.
1,sbaly3r,hunding,hlaalu,crow,pelin,w,Integer non velit.
2,zlethleyx,hlaalu,hunding,pelin,orgnum,l,
1,cmcinteer2x,hunding,reach,orgnum,hlaalu,w,"Vestibulum ac est lacinia nisi venenatis tristique. Fusce congue, diam id ornare imperdiet, sapien urna pretium nisl, ut volutpat sapien arcu sed augue."
1,cpetigrew3g,hunding,reach,orgnum,hlaalu,w,"Nullam orci pede, venenatis non, sodales sed, tincidunt eu, felis. Fusce posuere felis sed lacus."
1,gcosby2t,hunding,reach,pelin,hlaalu,w,Phasellus sit amet erat. Nulla tempus.
1,sdymick36,hunding,reach,pelin,hlaalu,w,
2,hhudson27,pelin,hunding,reach,crow,w,Sed accumsan felis.
1,ddeshon4e,hunding,hlaalu,psijic,reach,w,Duis at velit eu est congue elementum. In hac habitasse platea dictumst.
1,tkornel4a,hunding,orgnum,crow,hlaalu,dc,Aenean fermentum. Donec ut mauris eget massa tempor convallis.
1,bboullin1f,hunding,orgnum,rajhin,reach,l,
1,bwhistance2z,hunding,psijic,rajhin,hlaalu,dc,
2,ijensen4l,hunding,pelin,hlaalu,psijic,c,"Aliquam sit amet diam in magna bibendum imperdiet. Nullam orci pede, venenatis non, sodales sed, tincidunt eu, felis."
1,rpadgett1i,hunding,pelin,crow,hlaalu,w,Vestibulum ante ipsum primis in faucibus orci luctus et ultrices posuere cubilia Curae; Mauris viverra diam vitae quam. Suspendisse potenti.
2,hbraam3j,crow,pelin,hunding,hlaalu,w,
2,wmccane1b,pelin,hunding,hlaalu,crow,l,Donec posuere metus vitae ipsum. Aliquam non mauris.
2,lmacquire5d,pelin,hunding,hlaalu,crow,w,"In tempor, turpis nec euismod scelerisque, quam turpis adipiscing lorem, vitae mattis nibh ligula nec sem. Duis aliquam convallis nunc."
2,dboddington4b,reach,hunding,hlaalu,psijic,w,Mauris ullamcorper purus sit amet nulla.
2,ahouston1l,reach,hunding,hlaalu,pelin,l,
2,isaffen13,hunding,hlaalu,pelin,crow,l,
2,blarkcum4z,hunding,reach,rajhin,hlaalu,w,
2,sstapforth5h,pelin,hunding,hlaalu,crow,l,
2,lmacquire5d,pelin,hlaalu,psijic,orgnum,w,
2,sferentz2b,reach,hunding,psijic,crow,l,Morbi ut odio.
2,iwiddall3c,reach,hunding,hlaalu,psijic,w,Morbi a ipsum.
1,wmccane1b,hunding,crow,reach,hlaalu,w,
2,cdearman2p,pelin,hunding,hlaalu,crow,w,
1,blarkcum4z,hunding,orgnum,crow,hlaalu,w,
2,lmalden1w,orgnum,hunding,hlaalu,psijic,l,Donec quis orci eget orci vehicula condimentum. Curabitur in libero ut massa volutpat convallis.
1,hhillock50,hunding,crow,rajhin,hlaalu,w,Nunc rhoncus dui vel sem.
2,sbaly3r,crow,hunding,hlaalu,psijic,c,
2,iwiddall3c,crow,pelin,hlaalu,psijic,w,In congue.
1,dbicheno26,hunding,pelin,crow,hlaalu,w,Vivamus in felis eu sapien cursus vestibulum. Proin eu mi.
1,wpurchall4r,hunding,pelin,rajhin,hlaalu,w,Nunc rhoncus dui vel sem.
1,logara6,hunding,orgnum,hlaalu,reach,w,
1,bwhistance2z,hunding,crow,pelin,hlaalu,l,"Donec odio justo, sollicitudin ut, suscipit a, feugiat et, eros."
2,jschrir2g,pelin,hlaalu,hunding,crow,l,Integer tincidunt ante vel ipsum. Praesent blandit lacinia erat.
1,ksquibb30,hunding,pelin,reach,hlaalu,w,"Maecenas leo odio, condimentum id, luctus nec, molestie sed, justo."
2,kdebill45,pelin,reach,hlaalu,crow,w,"Donec vitae nisi. Nam ultrices, libero non mattis pulvinar, nulla pede ullamcorper augue, a suscipit nulla elit ac nulla."
2,mcuthbertson1t,reach,hlaalu,crow,orgnum,l,In eleifend quam a odio.
2,npeasby11,pelin,hunding,hlaalu,crow,w,Aliquam non mauris. Morbi non lectus.
1,flettsom31,hunding,crow,reach,hlaalu,l,
2,smaccrea3m,hlaalu,hunding,reach,pelin,w,In hac habitasse platea dictumst.
1,dgocke4h,hunding,orgnum,psijic,hlaalu,l,
1,bmartellop,hunding,pelin,hlaalu,reach,l,
1,jbaber3k,hunding,crow,reach,hlaalu,l,Donec quis orci eget orci vehicula condimentum. Curabitur in libero ut massa volutpat convallis.
2,scartmael4d,pelin,hunding,hlaalu,reach,w,Proin interdum mauris non ligula pellentesque ultrices.
1,atrembath1g,hunding,pelin,orgnum,crow,w,"In hac habitasse platea dictumst. Aliquam augue quam, sollicitudin vitae, consectetuer eget, rutrum at, lorem."
2,tharesnape10,reach,hunding,hlaalu,crow,w,
2,kbrassill14,reach,hunding,hlaalu,crow,l,"Integer pede justo, lacinia eget, tincidunt eget, tempus vel, pede."
1,flettsom31,hunding,pelin,orgnum,crow,l,In hac habitasse platea dictumst. Maecenas ut massa quis augue luctus tincidunt.
2,gcuttings1r,psijic,hunding,hlaalu,reach,w,
2,forpyne4o,reach,hunding,psijic,hlaalu,l,
2,opponent,hunding,reach,pelin,crow,w,
1,tcrookshank4,hunding,psijic,pelin,hlaalu,l,Proin eu mi.
2,ngarmon2e,hunding,reach,hlaalu,crow,w,
2,dcharnick2w,hunding,reach,hlaalu,crow,w,Duis consequat dui nec nisi volutpat eleifend.
1,smaccrea3m,hunding,crow,pelin,hlaalu,w,Quisque id justo sit amet sapien dignissim vestibulum. Vestibulum ante ipsum primis in faucibus orci luctus et ultrices posuere cubilia Curae; Nulla dapibus dolor vel est.
2,fbehnecken5b,hunding,reach,pelin,hlaalu,w,
2,daveyard2m,rajhin,hunding,orgnum,reach,l,"Fusce congue, diam id ornare imperdiet, sapien urna pretium nisl, ut volutpat sapien arcu sed augue."
2,smaccrea3m,psijic,hunding,hlaalu,pelin,l,In eleifend quam a odio. In hac habitasse platea dictumst.
1,dchallin35,hunding,pelin,reach,hlaalu,w,Nullam sit amet turpis elementum ligula vehicula consequat. Morbi a ipsum.
2,cpetigrew3g,psijic,hunding,hlaalu,pelin,c,Sed sagittis.
2,pwastelld,hlaalu,hunding,pelin,crow,w,"Nam ultrices, libero non mattis pulvinar, nulla pede ullamcorper augue, a suscipit nulla elit ac nulla. Sed vel enim sit amet nunc viverra dapibus."
1,mmulqueeny1z,hunding,reach,crow,hlaalu,w,"Fusce lacus purus, aliquet at, feugiat non, pretium quis, lectus."
1,tsherrard2r,hunding,reach,crow,hlaalu,l,Proin interdum mauris non ligula pellentesque ultrices. Phasellus id sapien in sapien iaculis congue.
1,ltorrejon2l,hunding,reach,crow,hlaalu,w,"Nulla neque libero, convallis eget, eleifend luctus, ultricies eu, nibh. Quisque id justo sit amet sapien dignissim vestibulum."
2,nchristiensen3w,reach,hunding,hlaalu,crow,l,
2,vlefleming33,reach,hunding,hlaalu,pelin,l,"Quisque arcu libero, rutrum ac, lobortis vel, dapibus at, diam."
1,hbraam3j,hlaalu,rajhin,psijic,crow,l,
2,bwellsteadw,pelin,hunding,hlaalu,reach,w,Donec posuere metus vitae ipsum. Aliquam non mauris.
1,rovery1h,hunding,reach,pelin,hlaalu,w,
1,pwillimot3q,hunding,reach,hlaalu,pelin,w,
2,arome4v,hunding,pelin,hlaalu,crow,w,
1,rpadgett1i,hunding,hlaalu,psijic,reach,w,Maecenas pulvinar lobortis est. Phasellus sit amet erat.
1,atrembath1g,hunding,pelin,hlaalu,reach,w,
2,bpirrey5f,orgnum,hunding,hlaalu,pelin,l,
1,nspinola54,hunding,pelin,crow,hlaalu,w,Donec dapibus. Duis at velit eu est congue elementum.
2,jlamborn43,psijic,hunding,reach,pelin,l,"In est risus, auctor sed, tristique in, tempus sit amet, sem."
1,kharpur3v,hunding,rajhin,reach,hlaalu,l,
2,npeasby11,reach,hunding,hlaalu,pelin,w,"Lorem ipsum dolor sit amet, consectetuer adipiscing elit. Proin risus."
2,mmorse4t,reach,hunding,hlaalu,crow,w,
2,sdowleh,crow,hunding,hlaalu,pelin,w,"Curabitur in libero ut massa volutpat convallis. Morbi odio odio, elementum eu, interdum eu, tincidunt in, leo."
2,dgocke4h,hunding,pelin,hlaalu,rajhin,w,
2,pwastelld,pelin,hunding,hlaalu,reach,w,Aenean fermentum.
2,bbertelsen49,pelin,hunding,hlaalu,reach,l,"Fusce lacus purus, aliquet at, feugiat non, pretium quis, lectus. Suspendisse potenti."
1,slate3o,hlaalu,reach,rajhin,pelin,c,In congue.
2,ksanget,hlaalu,hunding,pelin,crow,l,"Quisque porta volutpat erat. Quisque erat eros, viverra eget, congue eget, semper rutrum, nulla."
2,mrennenbach4s,reach,hunding,hlaalu,crow,l,Suspendisse potenti.
2,mrennenbach4s,hunding,pelin,hlaalu,reach,c,
1,rboeckz,hunding,hlaalu,rajhin,reach,w,Phasellus id sapien in sapien iaculis congue.
1,bespada47,hlaalu,psijic,hunding,reach,w,Sed accumsan felis. Ut at dolor quis odio consequat varius.
2,ntootin5i,reach,hunding,pelin,crow,w,
1,aladell3l,hlaalu,reach,pelin,hunding,l,
2,eestable22,hunding,pelin,hlaalu,reach,l,
2,ageorgeou3u,crow,hlaalu,rajhin,orgnum,l,Vestibulum ante ipsum primis in faucibus orci luctus et ultrices posuere cubilia Curae; Mauris viverra diam vitae quam.
2,mspurdens2j,rajhin,hunding,pelin,orgnum,w,Vestibulum ac est lacinia nisi venenatis tristique.
2,cpannaman57,hunding,hlaalu,pelin,reach,w,"Morbi sem mauris, laoreet ut, rhoncus aliquet, pulvinar sed, nisl. Nunc rhoncus dui vel sem."
1,bpirrey5f,hlaalu,reach,crow,pelin,w,In congue. Etiam justo.
2,ilowerson3s,hlaalu,hunding,pelin,crow,w,Nulla facilisi. Cras non velit nec nisi vulputate nonummy.
2,cwolledge3p,reach,hunding,pelin,hlaalu,w,Proin interdum mauris non ligula pellentesque ultrices.
2,dcharnick2w,hlaalu,pelin,hunding,reach,w,Nulla nisl.
1,rskill21,hlaalu,hunding,reach,pelin,w,Donec quis orci eget orci vehicula condimentum. Curabitur in libero ut massa volutpat convallis.
1,mgranchera,hlaalu,reach,hunding,psijic,w,In blandit ultrices enim.
1,flettsom31,hlaalu,psijic,hunding,reach,w,
1,rboeckz,hlaalu,reach,crow,pelin,w,In eleifend quam a odio. In hac habitasse platea dictumst.
2,kharpur3v,reach,hlaalu,hunding,pelin,l,"Donec odio justo, sollicitudin ut, suscipit a, feugiat et, eros."
2,jmcquarrie20,reach,hunding,psijic,pelin,w,Vestibulum sed magna at nunc commodo placerat.
2,tsherrard2r,rajhin,hunding,hlaalu,reach,l,
2,mbraniff2h,hlaalu,psijic,reach,rajhin,w,Phasellus in felis.
2,hhudson27,crow,hunding,hlaalu,rajhin,l,"Aliquam augue quam, sollicitudin vitae, consectetuer eget, rutrum at, lorem. Integer tincidunt ante vel ipsum."
2,tpendlington4g,pelin,hunding,reach,orgnum,w,Suspendisse potenti. In eleifend quam a odio.
2,dgocke4h,crow,psijic,pelin,hlaalu,l,
2,dboddington4b,reach,pelin,crow,hlaalu,w,"Aliquam augue quam, sollicitudin vitae, consectetuer eget, rutrum at, lorem."
1,bmartellop,hlaalu,reach,rajhin,psijic,w,
1,jfisby4p,hlaalu,reach,hunding,psijic,l,
2,dboddington4b,reach,hlaalu,hunding,crow,l,Sed ante.
2,cpetigrew3g,crow,pelin,rajhin,orgnum,l,"Duis bibendum, felis sed interdum venenatis, turpis enim blandit mi, in porttitor pede justo eu massa. Donec dapibus."
1,mtumielli52,hlaalu,rajhin,reach,psijic,w,"Maecenas tristique, est et tempus semper, est quam pharetra magna, ac consequat metus sapien ut nunc. Vestibulum ante ipsum primis in faucibus orci luctus et ultrices posuere cubilia Curae; Mauris viverra diam vitae quam."
1,sbaly3r,hlaalu,rajhin,reach,psijic,w,Nam nulla.
2,cgawkroge4x,rajhin,reach,psijic,hlaalu,w,Etiam vel augue.
1,ilowerson3s,hlaalu,crow,rajhin,hunding,w,In hac habitasse platea dictumst. Etiam faucibus cursus urna.
1,oshayler34,hlaalu,pelin,psijic,orgnum,l,"Nam congue, risus semper porta volutpat, quam pede lobortis ligula, sit amet eleifend pede libero quis orci. Nullam molestie nibh in lectus."
2,mocanavan2o,hlaalu,hunding,reach,crow,w,Praesent blandit.
1,bharriss2y,hlaalu,reach,rajhin,psijic,w,Maecenas pulvinar lobortis est. Phasellus sit amet erat.
1,agarlicke7,hlaalu,reach,crow,pelin,w,Sed ante. Vivamus tortor.
2,dolenane3h,pelin,hunding,hlaalu,reach,w,
2,rpadgett1i,reach,hunding,hlaalu,psijic,w,
1,vsuermeier4c,hlaalu,pelin,rajhin,hunding,w,"Donec vitae nisi. Nam ultrices, libero non mattis pulvinar, nulla pede ullamcorper augue, a suscipit nulla elit ac nulla."
2,sferentz2b,hunding,hlaalu,psijic,pelin,w,Nulla facilisi.
2,iwiddall3c,reach,hunding,hlaalu,psijic,l,
2,atatershall3t,reach,hlaalu,hunding,pelin,l,Curabitur gravida nisi at nibh. In hac habitasse platea dictumst.
2,adenisyukl,crow,pelin,reach,hlaalu,w,"Integer aliquet, massa id lobortis convallis, tortor risus dapibus augue, vel accumsan tellus nisi eu orci. Mauris lacinia sapien quis libero."
1,fjerattb,hlaalu,rajhin,psijic,reach,l,Aliquam non mauris.
2,forpyne4o,pelin,hlaalu,reach,crow,l,Aenean auctor gravida sem.
2,mocanavan2o,pelin,hlaalu,reach,crow,l,"Morbi vestibulum, velit id pretium iaculis, diam erat fermentum justo, nec condimentum neque sapien placerat ante."
1,grobez39,hlaalu,reach,crow,pelin,c,Mauris sit amet eros.
2,rescala58,reach,hunding,hlaalu,crow,w,
2,jchristley4i,crow,hunding,hlaalu,pelin,l,"Morbi odio odio, elementum eu, interdum eu, tincidunt in, leo."
1,icollens1d,hlaalu,rajhin,orgnum,psijic,w,Nulla nisl. Nunc nisl.
2,rescala58,pelin,hunding,crow,reach,w,Ut tellus. Nulla ut erat id mauris vulputate elementum.
2,nwestfield46,reach,hunding,hlaalu,crow,l,
2,cskirvane29,hlaalu,hunding,psijic,orgnum,w,Proin at turpis a pede posuere nonummy. Integer non velit.
1,edashwood9,hlaalu,hunding,psijic,reach,l,Vestibulum ante ipsum primis in faucibus orci luctus et ultrices posuere cubilia Curae; Mauris viverra diam vitae quam. Suspendisse potenti.
1,hfreeman38,hlaalu,reach,rajhin,psijic,l,In hac habitasse platea dictumst. Etiam faucibus cursus urna.
2,lkarpenya1j,reach,hlaalu,hunding,pelin,w,
1,cdearman2p,hlaalu,reach,crow,pelin,l,Praesent id massa id nisl venenatis lacinia. Aenean sit amet justo.
1,bwhistance2z,hlaalu,reach,rajhin,psijic,l,Nullam sit amet turpis elementum ligula vehicula consequat.
1,bpirrey5f,hlaalu,hunding,pelin,reach,w,
1,mbanasiak3b,hlaalu,crow,psijic,reach,w,Vestibulum ante ipsum primis in faucibus orci luctus et ultrices posuere cubilia Curae; Duis faucibus accumsan odio.
2,atatershall3t,pelin,hunding,hlaalu,orgnum,l,"Cras mi pede, malesuada in, imperdiet et, commodo vulputate, justo. In blandit ultrices enim."
1,ageorgeou3u,hlaalu,orgnum,reach,hunding,w,
2,flettsom31,psijic,hlaalu,reach,hunding,l,Vestibulum ante ipsum primis in faucibus orci luctus et ultrices posuere cubilia Curae; Duis faucibus accumsan odio. Curabitur convallis.
2,mspurdens2j,reach,hlaalu,hunding,rajhin,w,"Cras in purus eu magna vulputate luctus. Cum sociis natoque penatibus et magnis dis parturient montes, nascetur ridiculus mus."
1,kbrassill14,hlaalu,pelin,reach,hunding,w,Integer ac leo. Pellentesque ultrices mattis odio.
2,ttruelockc,crow,hunding,pelin,hlaalu,l,"Nam ultrices, libero non mattis pulvinar, nulla pede ullamcorper augue, a suscipit nulla elit ac nulla. Sed vel enim sit amet nunc viverra dapibus."
1,ggillbee1m,hlaalu,reach,pelin,hunding,w,
2,cwolledge3p,reach,hunding,hlaalu,rajhin,l,"Nunc nisl. Duis bibendum, felis sed interdum venenatis, turpis enim blandit mi, in porttitor pede justo eu massa."
2,ghubball3x,crow,pelin,reach,hlaalu,w,Curabitur at ipsum ac tellus semper interdum. Mauris ullamcorper purus sit amet nulla.
2,jfisby4p,reach,hlaalu,hunding,crow,w,Nulla nisl. Nunc nisl.
2,jbaber3k,pelin,hunding,crow,reach,w,"Integer aliquet, massa id lobortis convallis, tortor risus dapibus augue, vel accumsan tellus nisi eu orci."
2,rfarmer4y,pelin,hlaalu,reach,crow,w,
1,lbird1u,hlaalu,reach,hunding,pelin,w,Duis ac nibh.
1,amilch41,hlaalu,crow,reach,hunding,w,
1,isaffen13,hlaalu,crow,pelin,hunding,w,Duis aliquam convallis nunc. Proin at turpis a pede posuere nonummy.
1,tkowalik2n,hlaalu,rajhin,pelin,hunding,w,Donec ut dolor. Morbi vel lectus in quam fringilla rhoncus.
1,ggillbee1m,hlaalu,reach,psijic,hunding,l,Suspendisse potenti.
2,mrennenbach4s,hlaalu,hunding,reach,psijic,l,Ut tellus.
2,sgiraudot18,crow,pelin,hunding,hlaalu,w,Etiam faucibus cursus urna. Ut tellus.
1,ageorgeou3u,hlaalu,reach,crow,psijic,l,"Vestibulum ac est lacinia nisi venenatis tristique. Fusce congue, diam id ornare imperdiet, sapien urna pretium nisl, ut volutpat sapien arcu sed augue."
1,hpretoriuso,hlaalu,psijic,crow,hunding,w,
1,ksanget,hlaalu,reach,crow,pelin,w,"Integer pede justo, lacinia eget, tincidunt eget, tempus vel, pede."
1,ngarmon2e,hlaalu,reach,hunding,psijic,l,Aenean fermentum. Donec ut mauris eget massa tempor convallis.
1,bpirrey5f,hlaalu,crow,reach,hunding,w,"Morbi ut odio. Cras mi pede, malesuada in, imperdiet et, commodo vulputate, justo."
1,pwillimot3q,hlaalu,hunding,pelin,reach,w,
2,wschwandermann4j,hunding,hlaalu,reach,pelin,w,
1,ereade15,hlaalu,crow,hunding,pelin,w,
1,bmartellop,hlaalu,hunding,orgnum,crow,w,In hac habitasse platea dictumst. Maecenas ut massa quis augue luctus tincidunt.
2,ageorgeou3u,rajhin,hunding,pelin,hlaalu,w,
2,wmccane1b,pelin,hunding,reach,crow,w,
2,atatershall3t,crow,hunding,pelin,reach,w,Mauris ullamcorper purus sit amet nulla.
1,hhillock50,hlaalu,crow,orgnum,hunding,w,"Quisque erat eros, viverra eget, congue eget, semper rutrum, nulla."
2,nbrear12,reach,hlaalu,hunding,orgnum,c,"Integer pede justo, lacinia eget, tincidunt eget, tempus vel, pede. Morbi porttitor lorem id ligula."
2,ltorrejon2l,reach,pelin,crow,hlaalu,w,
1,cyerlett2k,hlaalu,reach,crow,rajhin,w,Nam tristique tortor eu pede.
2,bbertelsen49,hlaalu,psijic,reach,orgnum,l,Fusce consequat. Nulla nisl.
2,hhudson27,reach,pelin,hlaalu,orgnum,w,Nam nulla.
1,gmadgwich4k,hlaalu,pelin,psijic,reach,w,"Nulla neque libero, convallis eget, eleifend luctus, ultricies eu, nibh. Quisque id justo sit amet sapien dignissim vestibulum."
1,esouthwell40,hlaalu,pelin,crow,hunding,w,Vivamus in felis eu sapien cursus vestibulum. Proin eu mi.
1,mnicolson59,hlaalu,pelin,reach,hunding,w,
2,jtrundle1x,hunding,pelin,reach,hlaalu,w,Etiam vel augue. Vestibulum rutrum rutrum neque.
1,icollens1d,hlaalu,reach,hunding,pelin,w,Donec semper sapien a libero. Nam dui.
2,jziehms4w,pelin,hlaalu,reach,rajhin,c,"Cras pellentesque volutpat dui. Maecenas tristique, est et tempus semper, est quam pharetra magna, ac consequat metus sapien ut nunc."
1,atasseler1a,hlaalu,pelin,reach,hunding,w,
1,hbraam3j,hlaalu,psijic,pelin,crow,w,Vivamus tortor.
1,ttruelockc,hlaalu,reach,pelin,hunding,l,Suspendisse potenti.
2,cwolledge3p,reach,hlaalu,hunding,rajhin,w,
2,gcuttings1r,hunding,reach,pelin,hlaalu,w,
2,nlampet3,hunding,pelin,reach,hlaalu,w,Etiam pretium iaculis justo. In hac habitasse platea dictumst.
2,cgawkroge4x,psijic,hlaalu,reach,hunding,l,"Fusce congue, diam id ornare imperdiet, sapien urna pretium nisl, ut volutpat sapien arcu sed augue."
2,sferentz2b,hlaalu,hunding,reach,pelin,w,"Mauris enim leo, rhoncus sed, vestibulum sit amet, cursus id, turpis. Integer aliquet, massa id lobortis convallis, tortor risus dapibus augue, vel accumsan tellus nisi eu orci."
2,ttruelockc,hlaalu,reach,crow,rajhin,w,"Praesent lectus. Vestibulum quam sapien, varius ut, blandit non, interdum in, ante."
2,bbertelsen49,reach,pelin,hunding,crow,w,
1,garne16,hlaalu,reach,hunding,pelin,w,Nullam varius. Nulla facilisi.
2,ghadlee2v,reach,hunding,pelin,hlaalu,w,Nulla ut erat id mauris vulputate elementum.
2,opponent,reach,pelin,hunding,crow,w,"Vestibulum quam sapien, varius ut, blandit non, interdum in, ante. Vestibulum ante ipsum primis in faucibus orci luctus et ultrices posuere cubilia Curae; Duis faucibus accumsan odio."
1,drobez37,hlaalu,reach,crow,rajhin,w,
2,amilch41,reach,hunding,pelin,rajhin,l,"Proin leo odio, porttitor id, consequat in, consequat ut, nulla."
2,ghadlee2v,reach,hunding,pelin,hlaalu,c,"Praesent lectus. Vestibulum quam sapien, varius ut, blandit non, interdum in, ante."
1,mcuthbertson1t,hlaalu,crow,psijic,hunding,w,"Integer aliquet, massa id lobortis convallis, tortor risus dapibus augue, vel accumsan tellus nisi eu orci."
1,iwiddall3c,hlaalu,reach,hunding,pelin,w,Nullam varius.
1,kgabbat3e,hlaalu,pelin,rajhin,hunding,w,"Sed sagittis. Nam congue, risus semper porta volutpat, quam pede lobortis ligula, sit amet eleifend pede libero quis orci."
2,bboullin1f,reach,pelin,hunding,hlaalu,w,Curabitur at ipsum ac tellus semper interdum.
1,atatershall3t,hlaalu,hunding,reach,pelin,w,Suspendisse potenti. Nullam porttitor lacus at turpis.
2,rdarwin4n,crow,pelin,hunding,orgnum,l,Cras non velit nec nisi vulputate nonummy. Maecenas tincidunt lacus at velit.
2,lgarm5g,hunding,pelin,reach,hlaalu,l,
1,hcrowcher1s,hlaalu,pelin,crow,hunding,w,
2,tcrookshank4,hlaalu,hunding,pelin,crow,l,Nullam molestie nibh in lectus.
2,tgronw4m,pelin,hunding,reach,hlaalu,l,
2,oshayler34,pelin,hlaalu,reach,crow,w,Donec vitae nisi.
1,rfarmer4y,hlaalu,pelin,hunding,reach,w,
1,tgronw4m,hlaalu,psijic,rajhin,reach,w,Praesent blandit.
2,cmcinteer2x,hlaalu,pelin,hunding,reach,w,Curabitur gravida nisi at nibh.
2,ageorgeou3u,hlaalu,pelin,hunding,reach,l,
2,sdymick36,psijic,hlaalu,reach,orgnum,w,Ut at dolor quis odio consequat varius. Integer ac leo.
2,tkornel4a,pelin,hunding,hlaalu,reach,w,Suspendisse ornare consequat lectus.
1,bbulcock8,hlaalu,reach,pelin,hunding,w,Pellentesque ultrices mattis odio.
2,cskirvane29,reach,hlaalu,psijic,crow,l,Nulla suscipit ligula in lacus. Curabitur at ipsum ac tellus semper interdum.
1,mrennenbach4s,hlaalu,pelin,psijic,reach,w,
1,mrennenbach4s,hlaalu,reach,rajhin,psijic,w,Morbi porttitor lorem id ligula.
2,ngarmon2e,rajhin,reach,psijic,hlaalu,l,
2,sdowleh,reach,pelin,hunding,crow,w,Suspendisse potenti. Nullam porttitor lacus at turpis.
1,cmccartney2q,hlaalu,reach,rajhin,psijic,w,Vestibulum rutrum rutrum neque. Aenean auctor gravida sem.
1,tglanton17,hlaalu,reach,psijic,hunding,w,"In hac habitasse platea dictumst. Morbi vestibulum, velit id pretium iaculis, diam erat fermentum justo, nec condimentum neque sapien placerat ante."
1,gcosby2t,hlaalu,pelin,crow,hunding,w,Nulla ac enim.
1,nwestfield46,hlaalu,reach,hunding,pelin,w,Nullam porttitor lacus at turpis. Donec posuere metus vitae ipsum.
1,dolenane3h,hlaalu,pelin,crow,hunding,w,Proin at turpis a pede posuere nonummy. Integer non velit.
1,ltorrejon2l,hlaalu,rajhin,reach,psijic,w,Etiam justo.
2,smaccrea3m,reach,hlaalu,hunding,crow,l,
1,jfludder44,hlaalu,reach,pelin,hunding,w,
2,bjoicey1y,crow,hunding,pelin,hlaalu,w,"Cras pellentesque volutpat dui. Maecenas tristique, est et tempus semper, est quam pharetra magna, ac consequat metus sapien ut nunc."
1,mdrayson5,hlaalu,reach,crow,rajhin,w,
1,jtrundle1x,hlaalu,crow,reach,rajhin,w,Morbi quis tortor id nulla ultrices aliquet.
2,ewarlawem,hunding,reach,pelin,rajhin,w,Maecenas ut massa quis augue luctus tincidunt. Nulla mollis molestie lorem.
1,sferentz2b,hlaalu,pelin,crow,hunding,w,Morbi non lectus. Aliquam sit amet diam in magna bibendum imperdiet.
2,cmeier3i,crow,pelin,rajhin,hlaalu,w,Nulla suscipit ligula in lacus.
1,wpurchall4r,hlaalu,hunding,reach,psijic,w,"Donec odio justo, sollicitudin ut, suscipit a, feugiat et, eros."
2,etinston1n,reach,hlaalu,pelin,crow,l,Morbi porttitor lorem id ligula.
2,isaffen13,crow,hunding,pelin,hlaalu,w,"Morbi sem mauris, laoreet ut, rhoncus aliquet, pulvinar sed, nisl."
1,mgranchera,hlaalu,reach,crow,rajhin,w,"Lorem ipsum dolor sit amet, consectetuer adipiscing elit."
1,forpyne4o,hlaalu,reach,crow,rajhin,w,
1,forpyne4o,hlaalu,hunding,pelin,reach,w,
1,bwellsteadw,hlaalu,crow,psijic,orgnum,w,Aliquam erat volutpat.
2,drobez37,psijic,hunding,reach,hlaalu,w,Sed sagittis.
1,forpyne4o,hlaalu,pelin,hunding,reach,w,
1,jschrir2g,hlaalu,hunding,pelin,reach,w,Suspendisse potenti. Cras in purus eu magna vulputate luctus.
2,cmeier3i,hunding,pelin,reach,hlaalu,l,
2,ewarlawem,pelin,rajhin,crow,hlaalu,w,"Proin leo odio, porttitor id, consequat in, consequat ut, nulla. Sed accumsan felis."
1,kharpur3v,hlaalu,hunding,crow,pelin,l,
1,blarkcum4z,hlaalu,pelin,reach,hunding,l,Donec dapibus. Duis at velit eu est congue elementum.
2,bboullin1f,rajhin,pelin,hunding,hlaalu,w,
1,mdrayson5,hlaalu,pelin,crow,reach,l,Sed vel enim sit amet nunc viverra dapibus. Nulla suscipit ligula in lacus.
2,charnetty2u,pelin,rajhin,hunding,reach,w,
2,vsuermeier4c,psijic,hunding,reach,hlaalu,w,Proin risus.
2,adenisyukl,reach,psijic,hunding,crow,l,Morbi ut odio.
2,nbasnetts,reach,psijic,hlaalu,pelin,l,"Cum sociis natoque penatibus et magnis dis parturient montes, nascetur ridiculus mus. Vivamus vestibulum sagittis sapien."
1,mdrayson5,hlaalu,orgnum,hunding,crow,w,Proin risus.
1,plemery2,hlaalu,orgnum,hunding,crow,w,
1,cpannaman57,hlaalu,pelin,rajhin,hunding,l,Nunc rhoncus dui vel sem. Sed sagittis.
1,arome4v,hlaalu,reach,rajhin,psijic,c,
1,cfogt25,hlaalu,hunding,pelin,reach,w,
2,iwiddall3c,reach,pelin,hlaalu,crow,w,"Lorem ipsum dolor sit amet, consectetuer adipiscing elit. Proin risus."
2,lmacquire5d,reach,pelin,hunding,psijic,w,"Nam dui. Proin leo odio, porttitor id, consequat in, consequat ut, nulla."
1,ggillbee1m,pelin,hlaalu,crow,orgnum,l,Cras non velit nec nisi vulputate nonummy.
1,plemery2,hlaalu,psijic,pelin,orgnum,w,
2,gmadgwich4k,crow,pelin,rajhin,reach,w,
2,tkowalik2n,crow,pelin,rajhin,reach,l,Curabitur at ipsum ac tellus semper interdum. Mauris ullamcorper purus sit amet nulla.
2,bcousans1v,crow,hunding,pelin,hlaalu,c,Aliquam sit amet diam in magna bibendum imperdiet.
2,bcousans1v,reach,pelin,hlaalu,crow,w,"Vestibulum ac est lacinia nisi venenatis tristique. Fusce congue, diam id ornare imperdiet, sapien urna pretium nisl, ut volutpat sapien arcu sed augue."
1,blemm4u,hlaalu,crow,reach,rajhin,w,Curabitur gravida nisi at nibh.
1,afrake2i,hlaalu,crow,reach,hunding,l,Nulla suscipit ligula in lacus.
1,mgrieswood0,pelin,hunding,crow,hlaalu,l,
1,mdrayson5,hlaalu,reach,pelin,hunding,l,"Vestibulum ante ipsum primis in faucibus orci luctus et ultrices posuere cubilia Curae; Donec pharetra, magna vestibulum aliquet ultrices, erat tortor sollicitudin mi, sit amet lobortis sapien sapien non mi. Integer ac neque."
1,tdevenish2d,hunding,reach,pelin,hlaalu,w,
2,hhillock50,pelin,hunding,reach,crow,w,
2,nmilesop23,crow,hunding,hlaalu,reach,dc,Praesent blandit. Nam nulla.
2,cmeier3i,psijic,hunding,hlaalu,rajhin,l,
1,dhedworthn,hlaalu,psijic,orgnum,rajhin,w,Maecenas pulvinar lobortis est.
1,tharcus42,hlaalu,pelin,rajhin,hunding,c,Mauris sit amet eros. Suspendisse accumsan tortor quis turpis.
2,nlampet3,crow,rajhin,hlaalu,reach,l,
1,nmilesop23,hlaalu,crow,pelin,hunding,w,Integer ac neque. Duis bibendum.
2,bbertelsen49,crow,pelin,rajhin,reach,w,
1,bpirrey5f,hlaalu,crow,psijic,orgnum,w,Nullam porttitor lacus at turpis. Donec posuere metus vitae ipsum.
2,cmccartney2q,pelin,hunding,reach,crow,w,
2,mbanasiak3b,reach,pelin,hunding,crow,w,Praesent blandit lacinia erat.
2,mrennenbach4s,reach,pelin,hunding,crow,w,Vivamus in felis eu sapien cursus vestibulum.
2,tharcus42,hlaalu,pelin,reach,rajhin,w,Nulla facilisi.
2,tplevey3d,reach,pelin,hlaalu,crow,l,Morbi non lectus. Aliquam sit amet diam in magna bibendum imperdiet.
1,tkowalik2n,hlaalu,pelin,reach,hunding,w,Nulla tempus. Vivamus in felis eu sapien cursus vestibulum.
1,cskirvane29,hlaalu,reach,crow,rajhin,c,
1,tplevey3d,hlaalu,crow,psijic,hunding,w,"Maecenas tristique, est et tempus semper, est quam pharetra magna, ac consequat metus sapien ut nunc."
2,bcousans1v,hunding,pelin,hlaalu,crow,c,
1,cskirvane29,hlaalu,reach,rajhin,psijic,w,"In tempor, turpis nec euismod scelerisque, quam turpis adipiscing lorem, vitae mattis nibh ligula nec sem."
2,aladell3l,rajhin,pelin,hunding,reach,w,
2,mgranchera,reach,pelin,hlaalu,crow,w,Vestibulum ante ipsum primis in faucibus orci luctus et ultrices posuere cubilia Curae; Nulla dapibus dolor vel est.
2,jberston2a,reach,pelin,hlaalu,crow,c,Suspendisse potenti. Nullam porttitor lacus at turpis.
2,ttruelockc,reach,pelin,hlaalu,psijic,c,Quisque ut erat.
2,nbrear12,reach,hunding,hlaalu,pelin,c,Morbi non lectus.
2,apail1,pelin,hlaalu,hunding,psijic,l,
2,ltorrejon2l,crow,rajhin,hunding,hlaalu,c,Fusce consequat. Nulla nisl.
2,fbehnecken5b,pelin,hlaalu,reach,crow,w,Pellentesque at nulla.
2,cpetigrew3g,pelin,hlaalu,reach,crow,c,
1,gcuttings1r,hlaalu,psijic,rajhin,reach,l,Morbi a ipsum.
2,mmorse4t,hunding,hlaalu,pelin,crow,l,"Nam ultrices, libero non mattis pulvinar, nulla pede ullamcorper augue, a suscipit nulla elit ac nulla."
1,nkapiloff5c,hlaalu,hunding,crow,orgnum,l,"Vivamus metus arcu, adipiscing molestie, hendrerit at, vulputate vitae, nisl. Aenean lectus."
2,bgoldstein48,crow,rajhin,hlaalu,reach,w,Aliquam erat volutpat.
2,nlampet3,reach,rajhin,pelin,psijic,w,"Donec ut mauris eget massa tempor convallis. Nulla neque libero, convallis eget, eleifend luctus, ultricies eu, nibh."
1,jbaber3k,hlaalu,orgnum,pelin,crow,l,"Morbi vestibulum, velit id pretium iaculis, diam erat fermentum justo, nec condimentum neque sapien placerat ante."
2,bpirrey5f,reach,hunding,pelin,hlaalu,w,
2,iwiddall3c,rajhin,pelin,hlaalu,reach,w,Nulla tellus. In sagittis dui vel nisl.
2,esouthwell40,hlaalu,reach,pelin,crow,c,
2,tkowalik2n,hlaalu,pelin,hunding,psijic,w,
2,scartmael4d,reach,hlaalu,rajhin,psijic,w,Vestibulum ante ipsum primis in faucibus orci luctus et ultrices posuere cubilia Curae; Duis faucibus accumsan odio. Curabitur convallis.
1,ddeshon4e,hlaalu,reach,pelin,hunding,l,Etiam justo. Etiam pretium iaculis justo.
2,mcorpes1e,reach,pelin,hlaalu,crow,c,
1,plemery2,hlaalu,crow,reach,rajhin,l,Nulla tempus.
2,jziehms4w,rajhin,hunding,pelin,reach,w,Donec posuere metus vitae ipsum.
2,abeagleyu,reach,rajhin,hlaalu,crow,l,Vestibulum ante ipsum primis in faucibus orci luctus et ultrices posuere cubilia Curae; Mauris viverra diam vitae quam. Suspendisse potenti.
1,wschwandermann4j,pelin,reach,crow,hunding,w,Vestibulum sed magna at nunc commodo placerat. Praesent blandit.
1,abeagleyu,pelin,reach,hunding,hlaalu,w,Nunc nisl.
1,npeasby11,hlaalu,rajhin,psijic,reach,l,
1,rboeckz,pelin,hlaalu,crow,hunding,w,Vivamus in felis eu sapien cursus vestibulum.
2,mcorpes1e,pelin,hunding,reach,hlaalu,w,
2,mmorse4t,pelin,hlaalu,reach,psijic,c,
2,jziehms4w,reach,hunding,pelin,rajhin,c,Maecenas rhoncus aliquam lacus. Morbi quis tortor id nulla ultrices aliquet.
2,ksquibb30,orgnum,hunding,crow,pelin,l,Curabitur gravida nisi at nibh. In hac habitasse platea dictumst.
1,tromagnosi28,hlaalu,orgnum,pelin,rajhin,w,"Vestibulum ante ipsum primis in faucibus orci luctus et ultrices posuere cubilia Curae; Donec pharetra, magna vestibulum aliquet ultrices, erat tortor sollicitudin mi, sit amet lobortis sapien sapien non mi. Integer ac neque."
2,nmilesop23,hlaalu,hunding,rajhin,crow,w,
2,jbaber3k,reach,pelin,hlaalu,hunding,w,"In tempor, turpis nec euismod scelerisque, quam turpis adipiscing lorem, vitae mattis nibh ligula nec sem."
1,mcorpes1e,pelin,reach,rajhin,hlaalu,w,Vivamus tortor. Duis mattis egestas metus.
1,cpetigrew3g,pelin,crow,psijic,reach,w,Vivamus in felis eu sapien cursus vestibulum.
1,tsherrard2r,hunding,pelin,crow,hlaalu,w,"Nulla ac enim. In tempor, turpis nec euismod scelerisque, quam turpis adipiscing lorem, vitae mattis nibh ligula nec sem."
2,dcharnick2w,crow,hlaalu,pelin,psijic,w,Phasellus id sapien in sapien iaculis congue.
1,ftytcomb56,hunding,psijic,rajhin,crow,w,Morbi quis tortor id nulla ultrices aliquet.
2,sdymick36,hlaalu,pelin,hunding,reach,w,Nulla ut erat id mauris vulputate elementum. Nullam varius.
1,rfarmer4y,hlaalu,psijic,pelin,rajhin,w,Vivamus in felis eu sapien cursus vestibulum. Proin eu mi.
1,ijensen4l,hunding,orgnum,hlaalu,reach,w,Praesent blandit lacinia erat. Vestibulum sed magna at nunc commodo placerat.
1,jchristley4i,hunding,orgnum,hlaalu,reach,w,
2,pwastelld,hlaalu,hunding,orgnum,crow,l,Nullam molestie nibh in lectus. Pellentesque at nulla.
2,icollens1d,crow,hunding,pelin,hlaalu,w,Proin at turpis a pede posuere nonummy. Integer non velit.
2,adenisyukl,hlaalu,pelin,reach,psijic,w,"Donec diam neque, vestibulum eget, vulputate ut, ultrices vel, augue."
1,mspurdens2j,hunding,reach,crow,pelin,w,Nulla mollis molestie lorem.
2,ewarlawem,crow,pelin,reach,hlaalu,l,Aliquam non mauris.
2,ngarmon2e,hlaalu,pelin,hunding,reach,l,
1,jlamborn43,hlaalu,psijic,pelin,reach,w,
2,lbird1u,crow,hunding,pelin,orgnum,w,
1,sconklin5j,pelin,crow,orgnum,hunding,w,Sed accumsan felis. Ut at dolor quis odio consequat varius.
2,icollens1d,orgnum,hunding,crow,hlaalu,w,Donec dapibus.
2,mcorpes1e,psijic,hlaalu,reach,pelin,w,Quisque id justo sit amet sapien dignissim vestibulum. Vestibulum ante ipsum primis in faucibus orci luctus et ultrices posuere cubilia Curae; Nulla dapibus dolor vel est.
1,nbrear12,pelin,crow,reach,hunding,w,Pellentesque viverra pede ac diam. Cras pellentesque volutpat dui.
1,bstrute3z,pelin,rajhin,psijic,hlaalu,dc,In hac habitasse platea dictumst.
2,rfarmer4y,pelin,hunding,crow,reach,c,Nulla ac enim.
1,flettsom31,hlaalu,crow,reach,pelin,w,Donec ut dolor.
1,bharriss2y,pelin,reach,crow,hunding,c,Mauris lacinia sapien quis libero.
1,ebuckner32,psijic,reach,hlaalu,crow,l,"Morbi ut odio. Cras mi pede, malesuada in, imperdiet et, commodo vulputate, justo."
1,jtrundle1x,hlaalu,reach,rajhin,psijic,w,Suspendisse potenti.
2,garne16,reach,hlaalu,hunding,rajhin,l,Nullam porttitor lacus at turpis.
1,lmacquire5d,psijic,hlaalu,rajhin,reach,w,Curabitur at ipsum ac tellus semper interdum. Mauris ullamcorper purus sit amet nulla.
1,jbaber3k,psijic,hlaalu,reach,hunding,w,
1,cpetigrew3g,hlaalu,psijic,rajhin,reach,w,"Cras in purus eu magna vulputate luctus. Cum sociis natoque penatibus et magnis dis parturient montes, nascetur ridiculus mus."
2,kharpur3v,hlaalu,hunding,pelin,rajhin,w,"Quisque erat eros, viverra eget, congue eget, semper rutrum, nulla. Nunc purus."
1,bboullin1f,hlaalu,pelin,reach,hunding,w,In hac habitasse platea dictumst. Etiam faucibus cursus urna.
1,vsuermeier4c,hlaalu,pelin,reach,hunding,l,In eleifend quam a odio. In hac habitasse platea dictumst.
2,nchristiensen3w,hlaalu,pelin,rajhin,psijic,c,Morbi quis tortor id nulla ultrices aliquet.
1,grobez39,hlaalu,reach,pelin,hunding,w,"Mauris enim leo, rhoncus sed, vestibulum sit amet, cursus id, turpis. Integer aliquet, massa id lobortis convallis, tortor risus dapibus augue, vel accumsan tellus nisi eu orci."
1,amilch41,hlaalu,reach,crow,hunding,w,Maecenas ut massa quis augue luctus tincidunt.
2,garne16,reach,hlaalu,rajhin,crow,c,In congue. Etiam justo.
2,vstollsteiner2s,reach,hunding,crow,hlaalu,l,Nulla ac enim.
2,dclapham24,reach,hlaalu,psijic,pelin,l,"Donec vitae nisi. Nam ultrices, libero non mattis pulvinar, nulla pede ullamcorper augue, a suscipit nulla elit ac nulla."
1,cpetigrew3g,hlaalu,reach,pelin,hunding,w,
1,tkowalik2n,hlaalu,reach,psijic,hunding,w,
2,tsherrard2r,pelin,hlaalu,hunding,crow,w,Donec semper sapien a libero. Nam dui.
2,edashwood9,pelin,crow,reach,psijic,w,"Cras in purus eu magna vulputate luctus. Cum sociis natoque penatibus et magnis dis parturient montes, nascetur ridiculus mus."
1,agarlicke7,pelin,reach,hlaalu,hunding,w,
2,rpadgett1i,reach,pelin,hunding,hlaalu,w,Proin interdum mauris non ligula pellentesque ultrices.
1,jchristley4i,pelin,crow,hlaalu,hunding,w,
1,lgarm5g,pelin,hunding,reach,hlaalu,w,In quis justo. Maecenas rhoncus aliquam lacus.
1,bcranchv,pelin,crow,hlaalu,hunding,c,Proin risus. Praesent lectus.
2,mmorse4t,reach,pelin,hlaalu,rajhin,w,
1,esouthwell40,hunding,reach,rajhin,pelin,w,Vestibulum rutrum rutrum neque. Aenean auctor gravida sem.
2,pwastelld,psijic,hunding,reach,hlaalu,l,Quisque id justo sit amet sapien dignissim vestibulum. Vestibulum ante ipsum primis in faucibus orci luctus et ultrices posuere cubilia Curae; Nulla dapibus dolor vel est.
2,bwhistance2z,reach,pelin,hunding,hlaalu,w,Integer ac leo.
2,vstollsteiner2s,crow,hunding,rajhin,psijic,c,
1,ltorrejon2l,pelin,crow,reach,hunding,w,Mauris sit amet eros. Suspendisse accumsan tortor quis turpis.
1,tharesnape10,pelin,hlaalu,reach,hunding,w,"In est risus, auctor sed, tristique in, tempus sit amet, sem."
1,abeagleyu,pelin,hlaalu,hunding,reach,w,Nulla facilisi.
2,ksquibb30,reach,pelin,hunding,hlaalu,l,"In hac habitasse platea dictumst. Aliquam augue quam, sollicitudin vitae, consectetuer eget, rutrum at, lorem."
2,bbulcock8,reach,pelin,hunding,rajhin,w,Etiam vel augue. Vestibulum rutrum rutrum neque.
2,bpirrey5f,rajhin,hlaalu,reach,psijic,l,
1,dfrissellk,pelin,hlaalu,reach,hunding,l,
1,vlefleming33,pelin,crow,reach,hunding,w,Curabitur gravida nisi at nibh.
1,bjoicey1y,pelin,reach,crow,hunding,w,Vestibulum ac est lacinia nisi venenatis tristique.
2,jfisby4p,crow,hunding,pelin,hlaalu,w,Proin risus.
1,vlefleming33,pelin,rajhin,crow,hunding,w,
1,atasseler1a,pelin,hlaalu,psijic,crow,w,"Morbi vel lectus in quam fringilla rhoncus. Mauris enim leo, rhoncus sed, vestibulum sit amet, cursus id, turpis."
2,kbrassill14,hunding,orgnum,pelin,reach,w,Morbi a ipsum.
2,hhudson27,reach,pelin,hunding,crow,w,Duis ac nibh.
2,bstrute3z,crow,hlaalu,pelin,reach,w,
1,tkornel4a,pelin,hunding,reach,hlaalu,l,Donec quis orci eget orci vehicula condimentum. Curabitur in libero ut massa volutpat convallis.
1,vsuermeier4c,pelin,hunding,reach,hlaalu,w,Nulla nisl.
1,etinston1n,pelin,hunding,reach,hlaalu,w,Nullam molestie nibh in lectus. Pellentesque at nulla.
2,gcosby2t,reach,hunding,hlaalu,psijic,w,
1,rovery1h,hunding,reach,rajhin,pelin,l,"Integer aliquet, massa id lobortis convallis, tortor risus dapibus augue, vel accumsan tellus nisi eu orci. Mauris lacinia sapien quis libero."
2,gpaffley1p,reach,hlaalu,pelin,rajhin,w,
1,moquirk19,pelin,reach,hlaalu,hunding,w,Maecenas ut massa quis augue luctus tincidunt. Nulla mollis molestie lorem.
1,baim4q,pelin,hunding,reach,hlaalu,w,"Quisque erat eros, viverra eget, congue eget, semper rutrum, nulla."
2,ksquibb30,reach,hunding,pelin,rajhin,w,"Integer aliquet, massa id lobortis convallis, tortor risus dapibus augue, vel accumsan tellus nisi eu orci. Mauris lacinia sapien quis libero."
1,adenisyukl,pelin,rajhin,hunding,hlaalu,w,"Nam dui. Proin leo odio, porttitor id, consequat in, consequat ut, nulla."
1,atrembath1g,pelin,reach,hlaalu,hunding,w,"Vestibulum ante ipsum primis in faucibus orci luctus et ultrices posuere cubilia Curae; Nulla dapibus dolor vel est. Donec odio justo, sollicitudin ut, suscipit a, feugiat et, eros."
1,nlampet3,pelin,reach,hlaalu,hunding,w,In hac habitasse platea dictumst.
2,bstrute3z,crow,pelin,hlaalu,psijic,w,"Morbi quis tortor id nulla ultrices aliquet. Maecenas leo odio, condimentum id, luctus nec, molestie sed, justo."
2,ddeshon4e,crow,pelin,hunding,reach,w,Suspendisse potenti.
1,dchallin35,pelin,hunding,crow,reach,w,
2,bwhistance2z,rajhin,hlaalu,pelin,psijic,w,
2,jchristley4i,psijic,hlaalu,orgnum,pelin,l,Mauris ullamcorper purus sit amet nulla.
2,bcranchv,reach,pelin,hlaalu,crow,l,
2,tharesnape10,crow,pelin,hunding,rajhin,w,Vivamus vestibulum sagittis sapien.
1,aladell3l,pelin,reach,hunding,crow,w,"In hac habitasse platea dictumst. Aliquam augue quam, sollicitudin vitae, consectetuer eget, rutrum at, lorem."
1,dcharnick2w,pelin,rajhin,reach,hlaalu,w,Pellentesque viverra pede ac diam.
1,ghadlee2v,pelin,crow,hlaalu,hunding,w,Nulla justo. Aliquam quis turpis eget elit sodales scelerisque.
2,tdevenish2d,pelin,crow,hlaalu,orgnum,w,
1,gcuttings1r,hlaalu,reach,crow,rajhin,w,Mauris lacinia sapien quis libero.
2,enettles53,crow,pelin,hlaalu,reach,w,
1,mbolle3n,pelin,crow,hlaalu,psijic,w,"Nullam orci pede, venenatis non, sodales sed, tincidunt eu, felis."
2,jbaber3k,hlaalu,pelin,rajhin,hunding,c,Mauris lacinia sapien quis libero.
2,rdarwin4n,hunding,hlaalu,crow,psijic,w,
1,tromagnosi28,pelin,crow,psijic,reach,w,"In est risus, auctor sed, tristique in, tempus sit amet, sem. Fusce consequat."
2,hpretoriuso,rajhin,pelin,hlaalu,reach,l,"Nam ultrices, libero non mattis pulvinar, nulla pede ullamcorper augue, a suscipit nulla elit ac nulla. Sed vel enim sit amet nunc viverra dapibus."
1,ewarlawem,pelin,reach,crow,hunding,w,"Fusce congue, diam id ornare imperdiet, sapien urna pretium nisl, ut volutpat sapien arcu sed augue. Aliquam erat volutpat."
2,cdearman2p,orgnum,hlaalu,psijic,hunding,w,"In tempor, turpis nec euismod scelerisque, quam turpis adipiscing lorem, vitae mattis nibh ligula nec sem. Duis aliquam convallis nunc."
1,cdodsonr,pelin,rajhin,hlaalu,hunding,w,
1,drobez37,pelin,hlaalu,crow,psijic,l,Vestibulum ante ipsum primis in faucibus orci luctus et ultrices posuere cubilia Curae; Nulla dapibus dolor vel est.
2,rescala58,reach,pelin,hunding,rajhin,w,
1,vsuermeier4c,hunding,pelin,hlaalu,rajhin,w,Maecenas ut massa quis augue luctus tincidunt. Nulla mollis molestie lorem.
2,cwolledge3p,pelin,reach,hlaalu,psijic,w,"In est risus, auctor sed, tristique in, tempus sit amet, sem. Fusce consequat."
1,nbasnetts,pelin,hunding,reach,crow,w,
1,gbrakewell3y,pelin,crow,reach,hunding,w,Curabitur at ipsum ac tellus semper interdum. Mauris ullamcorper purus sit amet nulla.
2,ghubball3x,rajhin,pelin,hunding,hlaalu,l,
1,garne16,pelin,reach,crow,hunding,w,
2,atatershall3t,pelin,hunding,reach,rajhin,l,Maecenas pulvinar lobortis est.
2,tpendlington4g,reach,pelin,hlaalu,rajhin,w,Nullam varius.
1,nchristiensen3w,pelin,hlaalu,psijic,crow,l,Quisque ut erat. Curabitur gravida nisi at nibh.
1,lbird1u,hunding,crow,hlaalu,reach,w,Duis consequat dui nec nisi volutpat eleifend. Donec ut dolor.
2,atasseler1a,pelin,hlaalu,reach,crow,c,Nullam porttitor lacus at turpis.
1,mnovill55,pelin,crow,hlaalu,hunding,w,
1,sdowleh,pelin,reach,crow,hunding,l,"Lorem ipsum dolor sit amet, consectetuer adipiscing elit. Proin interdum mauris non ligula pellentesque ultrices."
2,sdymick36,hunding,crow,hlaalu,pelin,w,Mauris ullamcorper purus sit amet nulla.
2,hhillock50,psijic,pelin,hlaalu,crow,w,
1,rboeckz,hunding,psijic,pelin,reach,w,Aliquam sit amet diam in magna bibendum imperdiet.
1,sconklin5j,pelin,psijic,rajhin,reach,w,
1,cskirvane29,pelin,reach,rajhin,psijic,w,Vivamus tortor. Duis mattis egestas metus.
2,dclapham24,reach,pelin,hunding,hlaalu,w,Maecenas tincidunt lacus at velit.
2,dboddington4b,reach,pelin,hunding,crow,l,
1,cdumphreysy,pelin,crow,hlaalu,hunding,w,Nam nulla.
1,enettles53,pelin,reach,hlaalu,hunding,w,"Aliquam augue quam, sollicitudin vitae, consectetuer eget, rutrum at, lorem. Integer tincidunt ante vel ipsum."
1,cwolledge3p,pelin,hlaalu,reach,hunding,w,"Maecenas leo odio, condimentum id, luctus nec, molestie sed, justo. Pellentesque viverra pede ac diam."
1,zlethleyx,pelin,psijic,hlaalu,reach,w,Aliquam quis turpis eget elit sodales scelerisque. Mauris sit amet eros.
2,dcharnick2w,reach,pelin,hunding,rajhin,w,
1,opponent,pelin,hunding,rajhin,hlaalu,w,Mauris lacinia sapien quis libero. Nullam sit amet turpis elementum ligula vehicula consequat.
2,hryhorovich5e,pelin,hunding,reach,crow,w,"Aliquam augue quam, sollicitudin vitae, consectetuer eget, rutrum at, lorem. Integer tincidunt ante vel ipsum."
2,hpretoriuso,crow,pelin,hunding,psijic,w,Aenean sit amet justo. Morbi ut odio.
1,ggillbee1m,pelin,hunding,hlaalu,reach,w,Cras non velit nec nisi vulputate nonummy. Maecenas tincidunt lacus at velit.
2,bmartellop,pelin,hunding,reach,hlaalu,w,
2,ebuckner32,pelin,reach,hlaalu,psijic,w,Donec quis orci eget orci vehicula condimentum.
2,mbanasiak3b,reach,pelin,hunding,psijic,w,"Maecenas leo odio, condimentum id, luctus nec, molestie sed, justo. Pellentesque viverra pede ac diam."
2,gmadgwich4k,reach,pelin,hunding,rajhin,w,
2,kharpur3v,reach,pelin,hunding,crow,w,Sed accumsan felis. Ut at dolor quis odio consequat varius.
2,ereade15,pelin,hunding,reach,orgnum,w,
2,ghadlee2v,orgnum,hunding,hlaalu,psijic,w,Mauris lacinia sapien quis libero.
1,mgrieswood0,pelin,crow,rajhin,reach,w,Nunc nisl.
1,sconklin5j,pelin,rajhin,crow,reach,w,
1,cdumphreysy,pelin,reach,rajhin,hlaalu,c,Duis at velit eu est congue elementum. In hac habitasse platea dictumst.
2,bmccloudi,rajhin,pelin,hlaalu,crow,w,"Donec ut mauris eget massa tempor convallis. Nulla neque libero, convallis eget, eleifend luctus, ultricies eu, nibh."
1,bpirrey5f,pelin,reach,hlaalu,hunding,w,"Vivamus vestibulum sagittis sapien. Cum sociis natoque penatibus et magnis dis parturient montes, nascetur ridiculus mus."
1,cyerlett2k,pelin,rajhin,hlaalu,hunding,c,In hac habitasse platea dictumst.
2,cmccartney2q,hlaalu,pelin,reach,crow,c,Nulla facilisi.
1,kgabbat3e,pelin,psijic,reach,hunding,w,
2,apail1,reach,pelin,hunding,crow,w,"Vestibulum ante ipsum primis in faucibus orci luctus et ultrices posuere cubilia Curae; Donec pharetra, magna vestibulum aliquet ultrices, erat tortor sollicitudin mi, sit amet lobortis sapien sapien non mi."
2,rfarmer4y,crow,pelin,hlaalu,reach,w,"Proin leo odio, porttitor id, consequat in, consequat ut, nulla. Sed accumsan felis."
2,hcrowcher1s,crow,pelin,hlaalu,reach,c,Donec ut dolor. Morbi vel lectus in quam fringilla rhoncus.
1,lbird1u,pelin,crow,psijic,hlaalu,w,
2,ijensen4l,hlaalu,pelin,reach,crow,l,
1,sdowleh,pelin,crow,reach,hunding,w,Phasellus id sapien in sapien iaculis congue.
1,cmccartney2q,pelin,crow,reach,hunding,w,
1,kharpur3v,pelin,hlaalu,reach,hunding,w,Duis aliquam convallis nunc.
2,etinston1n,rajhin,pelin,hlaalu,reach,c,"Vestibulum ante ipsum primis in faucibus orci luctus et ultrices posuere cubilia Curae; Donec pharetra, magna vestibulum aliquet ultrices, erat tortor sollicitudin mi, sit amet lobortis sapien sapien non mi. Integer ac neque."
1,dolenane3h,pelin,rajhin,hlaalu,crow,w,Integer a nibh.
1,dclapham24,pelin,reach,psijic,hunding,w,Suspendisse ornare consequat lectus.
2,oshayler34,reach,pelin,hunding,crow,w,"Lorem ipsum dolor sit amet, consectetuer adipiscing elit. Proin interdum mauris non ligula pellentesque ultrices."
1,dolenane3h,pelin,crow,psijic,hlaalu,w,Suspendisse potenti. In eleifend quam a odio.
1,bcousans1v,pelin,reach,psijic,hunding,w,Nullam molestie nibh in lectus.
2,gpaffley1p,reach,pelin,hlaalu,psijic,w,
1,tglanton17,pelin,reach,psijic,hunding,w,
1,cdumphreysy,pelin,reach,hlaalu,hunding,w,
1,hhillock50,pelin,hunding,crow,reach,l,Nulla ut erat id mauris vulputate elementum.
1,tharesnape10,pelin,reach,hlaalu,hunding,w,Sed vel enim sit amet nunc viverra dapibus. Nulla suscipit ligula in lacus.
2,jchristley4i,rajhin,pelin,hlaalu,crow,c,Nulla tempus. Vivamus in felis eu sapien cursus vestibulum.
1,jmcquarrie20,pelin,hlaalu,crow,psijic,w,
1,fbehnecken5b,pelin,reach,psijic,hunding,w,Morbi porttitor lorem id ligula. Suspendisse ornare consequat lectus.
1,jberston2a,pelin,reach,crow,hunding,w,"Lorem ipsum dolor sit amet, consectetuer adipiscing elit."
2,afrake2i,rajhin,pelin,crow,reach,l,"In tempor, turpis nec euismod scelerisque, quam turpis adipiscing lorem, vitae mattis nibh ligula nec sem."
2,ksquibb30,crow,hlaalu,psijic,orgnum,w,
1,ghadlee2v,pelin,reach,hlaalu,hunding,w,"Cum sociis natoque penatibus et magnis dis parturient montes, nascetur ridiculus mus. Etiam vel augue."
2,rdarwin4n,rajhin,pelin,hlaalu,crow,w,
2,cpannaman57,reach,pelin,hlaalu,rajhin,w,Integer tincidunt ante vel ipsum. Praesent blandit lacinia erat.
1,mnovill55,pelin,reach,hlaalu,hunding,w,
1,blemm4u,pelin,reach,crow,hunding,w,Duis at velit eu est congue elementum.
2,iwiddall3c,hunding,hlaalu,crow,rajhin,w,"Nullam orci pede, venenatis non, sodales sed, tincidunt eu, felis. Fusce posuere felis sed lacus."
2,cfogt25,reach,hunding,psijic,hlaalu,w,"In blandit ultrices enim. Lorem ipsum dolor sit amet, consectetuer adipiscing elit."
1,etinston1n,pelin,reach,hunding,hlaalu,w,
1,fjerattb,pelin,reach,psijic,hunding,w,
2,bespada47,crow,hlaalu,reach,rajhin,w,
2,forpyne4o,reach,pelin,hlaalu,rajhin,l,Morbi non quam nec dui luctus rutrum.
1,vstollsteiner2s,pelin,psijic,crow,hlaalu,w,Nam nulla.
2,cdearman2p,reach,hunding,pelin,crow,c,Curabitur in libero ut massa volutpat convallis.
2,bwhistance2z,reach,pelin,hunding,crow,w,"Lorem ipsum dolor sit amet, consectetuer adipiscing elit."
1,ksanget,pelin,psijic,hlaalu,crow,w,
2,bpirrey5f,reach,hunding,hlaalu,crow,c,Sed ante. Vivamus tortor.
1,nwestfield46,pelin,hlaalu,crow,rajhin,w,
1,rgillingwater1k,druid,psijic,crow,hlaalu,w,"Vivamus metus arcu, adipiscing molestie, hendrerit at, vulputate vitae, nisl."
2,gserjeantson2f,hlaalu,druid,psijic,reach,l,In congue.
1,atatershall3t,druid,hlaalu,crow,psijic,w,Vestibulum ac est lacinia nisi venenatis tristique.
2,jfisby4p,hlaalu,druid,hunding,pelin,w,Nullam varius.
1,gpaffley1p,druid,hlaalu,pelin,hunding,w,Suspendisse potenti.
1,nbasnetts,druid,pelin,orgnum,hunding,w,Nulla tellus.
2,flettsom31,reach,pelin,hlaalu,crow,w,
2,gbrakewell3y,crow,druid,hlaalu,reach,w,"Morbi vel lectus in quam fringilla rhoncus. Mauris enim leo, rhoncus sed, vestibulum sit amet, cursus id, turpis."
2,clockier3f,psijic,druid,crow,orgnum,w,In hac habitasse platea dictumst.
2,lgarm5g,rajhin,druid,psijic,pelin,l,Mauris ullamcorper purus sit amet nulla.
1,nspinola54,druid,hlaalu,crow,psijic,c,
1,cdodsonr,hunding,druid,reach,rajhin,w,Duis bibendum. Morbi non quam nec dui luctus rutrum.
2,fjerattb,hlaalu,pelin,hunding,crow,l,
1,ilowerson3s,druid,hunding,reach,psijic,w,In congue. Etiam justo.
1,npeasby11,druid,psijic,orgnum,rajhin,l,Nullam sit amet turpis elementum ligula vehicula consequat.
2,atatershall3t,hlaalu,druid,rajhin,pelin,c,"Donec diam neque, vestibulum eget, vulputate ut, ultrices vel, augue. Vestibulum ante ipsum primis in faucibus orci luctus et ultrices posuere cubilia Curae; Donec pharetra, magna vestibulum aliquet ultrices, erat tortor sollicitudin mi, sit amet lobortis sapien sapien non mi."
1,adenisyukl,pelin,crow,hlaalu,rajhin,w,Duis aliquam convallis nunc.
1,cdearman2p,pelin,rajhin,hlaalu,crow,dc,"In tempor, turpis nec euismod scelerisque, quam turpis adipiscing lorem, vitae mattis nibh ligula nec sem. Duis aliquam convallis nunc."
1,bpirrey5f,pelin,reach,psijic,rajhin,w,Pellentesque ultrices mattis odio. Donec vitae nisi.
2,wcainey3a,reach,pelin,psijic,hlaalu,w,Nullam varius.
1,mbanasiak3b,pelin,reach,hlaalu,hunding,w,Maecenas rhoncus aliquam lacus.
1,mbanasiak3b,pelin,reach,crow,psijic,l,In sagittis dui vel nisl.
2,rskill21,crow,reach,pelin,rajhin,c,Nullam varius. Nulla facilisi.
1,ngarmon2e,pelin,crow,reach,psijic,w,Nulla facilisi.
2,sdymick36,hlaalu,reach,pelin,psijic,w,
1,nmilesop23,pelin,crow,hlaalu,rajhin,w,Nullam porttitor lacus at turpis.
2,slate3o,reach,pelin,hunding,psijic,w,Aliquam non mauris. Morbi non lectus.
1,wcainey3a,pelin,hlaalu,crow,hunding,w,
2,cwolledge3p,pelin,hunding,reach,crow,l,"Donec odio justo, sollicitudin ut, suscipit a, feugiat et, eros."
1,rdarwin4n,hunding,pelin,crow,hlaalu,w,Vestibulum ante ipsum primis in faucibus orci luctus et ultrices posuere cubilia Curae; Mauris viverra diam vitae quam. Suspendisse potenti.
1,nwestfield46,hunding,psijic,hlaalu,pelin,w,Etiam justo.
2,bboullin1f,crow,pelin,hunding,psijic,l,Suspendisse potenti. Nullam porttitor lacus at turpis.
1,ebuckner32,hunding,psijic,pelin,hlaalu,l,Suspendisse potenti.
1,logara6,hunding,reach,crow,pelin,l,"Morbi vestibulum, velit id pretium iaculis, diam erat fermentum justo, nec condimentum neque sapien placerat ante."
1,bespada47,hunding,crow,pelin,hlaalu,w,"Maecenas leo odio, condimentum id, luctus nec, molestie sed, justo."
1,isaffen13,hlaalu,reach,crow,orgnum,l,
1,daveyard2m,hunding,crow,reach,rajhin,l,In hac habitasse platea dictumst.
1,wmccane1b,hunding,hlaalu,psijic,pelin,w,"Cras mi pede, malesuada in, imperdiet et, commodo vulputate, justo."
2,slate3o,hunding,pelin,hlaalu,crow,w,"Nullam orci pede, venenatis non, sodales sed, tincidunt eu, felis. Fusce posuere felis sed lacus."
1,dchallin35,hunding,pelin,crow,hlaalu,w,"Aliquam augue quam, sollicitudin vitae, consectetuer eget, rutrum at, lorem. Integer tincidunt ante vel ipsum."
1,cdearman2p,hunding,reach,hlaalu,pelin,w,Curabitur gravida nisi at nibh. In hac habitasse platea dictumst.
1,mmorse4t,hunding,pelin,reach,crow,l,Maecenas ut massa quis augue luctus tincidunt.
1,kharpur3v,hunding,hlaalu,psijic,pelin,w,
2,cmcinteer2x,reach,pelin,hunding,hlaalu,w,"Morbi sem mauris, laoreet ut, rhoncus aliquet, pulvinar sed, nisl. Nunc rhoncus dui vel sem."
1,vsuermeier4c,hunding,psijic,hlaalu,pelin,w,
2,esouthwell40,hlaalu,pelin,hunding,crow,l,
1,atatershall3t,hunding,pelin,crow,rajhin,w,Proin risus.
1,dboddington4b,hunding,hlaalu,pelin,rajhin,w,Pellentesque ultrices mattis odio. Donec vitae nisi.
2,ghadlee2v,reach,pelin,hunding,hlaalu,w,
2,atatershall3t,crow,hunding,rajhin,reach,l,Ut at dolor quis odio consequat varius. Integer ac leo.
2,gmadgwich4k,hlaalu,pelin,hunding,crow,w,Aenean fermentum.
1,ngarmon2e,hunding,reach,crow,hlaalu,w,"Aliquam augue quam, sollicitudin vitae, consectetuer eget, rutrum at, lorem. Integer tincidunt ante vel ipsum."
2,gpaffley1p,crow,pelin,hunding,reach,w,
2,scartmael4d,hunding,pelin,crow,hlaalu,w,
1,bogger51,hunding,psijic,rajhin,pelin,c,Aliquam non mauris. Morbi non lectus.
1,cmcinteer2x,hunding,reach,crow,pelin,w,
2,mpolleye,pelin,hunding,hlaalu,crow,w,
2,edashwood9,orgnum,hunding,hlaalu,reach,w,Duis mattis egestas metus. Aenean fermentum.
1,tglanton17,hunding,reach,hlaalu,pelin,w,
1,hroofeq,hunding,pelin,reach,hlaalu,l,"Vestibulum ante ipsum primis in faucibus orci luctus et ultrices posuere cubilia Curae; Nulla dapibus dolor vel est. Donec odio justo, sollicitudin ut, suscipit a, feugiat et, eros."
1,ckingaby2c,hunding,reach,pelin,rajhin,l,"Donec diam neque, vestibulum eget, vulputate ut, ultrices vel, augue. Vestibulum ante ipsum primis in faucibus orci luctus et ultrices posuere cubilia Curae; Donec pharetra, magna vestibulum aliquet ultrices, erat tortor sollicitudin mi, sit amet lobortis sapien sapien non mi."
1,etinston1n,hunding,reach,hlaalu,rajhin,l,
1,atatershall3t,hunding,crow,orgnum,hlaalu,w,Nulla mollis molestie lorem. Quisque ut erat.
1,wpurchall4r,hunding,crow,orgnum,hlaalu,w,Mauris lacinia sapien quis libero.
2,sattree5a,pelin,hunding,reach,psijic,l,Nam tristique tortor eu pede.
1,npeasby11,hunding,hlaalu,crow,pelin,w,Suspendisse potenti. Nullam porttitor lacus at turpis.
2,vsuermeier4c,pelin,hunding,hlaalu,crow,c,
1,jchristley4i,hunding,hlaalu,crow,pelin,w,
2,hroofeq,hlaalu,hunding,pelin,orgnum,l,Nulla suscipit ligula in lacus.
1,zlethleyx,hunding,reach,orgnum,hlaalu,w,Aliquam erat volutpat. In congue.
1,lmacquire5d,hunding,reach,orgnum,hlaalu,w,
1,bharriss2y,hunding,reach,pelin,hlaalu,w,
1,bmartellop,hunding,reach,pelin,hlaalu,w,
2,mprise4f,pelin,hunding,reach,crow,w,Nullam varius. Nulla facilisi.
1,gpaffley1p,hunding,hlaalu,psijic,reach,w,
1,mcuthbertson1t,hunding,orgnum,crow,hlaalu,dc,
1,ksquibb30,hunding,orgnum,rajhin,reach,l,"In blandit ultrices enim. Lorem ipsum dolor sit amet, consectetuer adipiscing elit."
1,flettsom31,hunding,psijic,rajhin,hlaalu,dc,Nulla tempus.
2,aladell3l,hunding,pelin,hlaalu,psijic,c,"Morbi vestibulum, velit id pretium iaculis, diam erat fermentum justo, nec condimentum neque sapien placerat ante. Nulla justo."
1,bwellsteadw,hunding,pelin,crow,hlaalu,w,
2,eestable22,crow,pelin,hunding,hlaalu,w,Duis aliquam convallis nunc. Proin at turpis a pede posuere nonummy.
2,pwillimot3q,pelin,hunding,hlaalu,crow,l,Mauris lacinia sapien quis libero.
2,nspinola54,pelin,hunding,hlaalu,crow,w,Nunc purus. Phasellus in felis.
2,abeagleyu,reach,hunding,hlaalu,psijic,w,
2,bwellsteadw,reach,hunding,hlaalu,pelin,l,Maecenas tincidunt lacus at velit.
2,cgawkroge4x,hunding,hlaalu,pelin,crow,l,
2,hpretoriuso,hunding,reach,rajhin,hlaalu,w,Curabitur in libero ut massa volutpat convallis.
2,rdarwin4n,pelin,hunding,hlaalu,crow,l,Phasellus sit amet erat.
2,vstollsteiner2s,pelin,hlaalu,psijic,orgnum,w,Donec vitae nisi.
2,rboeckz,reach,hunding,psijic,crow,l,
2,ewarlawem,reach,hunding,hlaalu,psijic,w,
1,flettsom31,hunding,crow,reach,hlaalu,w,Phasellus sit amet erat. Nulla tempus.
2,jberston2a,pelin,hunding,hlaalu,crow,w,Nullam molestie nibh in lectus.
1,aladell3l,hunding,orgnum,crow,hlaalu,w,"Curabitur in libero ut massa volutpat convallis. Morbi odio odio, elementum eu, interdum eu, tincidunt in, leo."
2,bboullin1f,orgnum,hunding,hlaalu,psijic,l,Fusce consequat.
1,blemm4u,hunding,crow,rajhin,hlaalu,w,
2,daveyard2m,crow,hunding,hlaalu,psijic,c,Sed ante. Vivamus tortor.
2,tsherrard2r,crow,pelin,hlaalu,psijic,w,Donec quis orci eget orci vehicula condimentum. Curabitur in libero ut massa volutpat convallis.
1,sdymick36,hunding,pelin,crow,hlaalu,w,"Nam ultrices, libero non mattis pulvinar, nulla pede ullamcorper augue, a suscipit nulla elit ac nulla. Sed vel enim sit amet nunc viverra dapibus."
1,gserjeantson2f,hunding,pelin,rajhin,hlaalu,w,Donec semper sapien a libero. Nam dui.
1,icollens1d,hunding,orgnum,hlaalu,reach,w,Pellentesque ultrices mattis odio.
1,bwhistance2z,hunding,crow,pelin,hlaalu,l,Sed accumsan felis.
2,dolenane3h,pelin,hlaalu,hunding,crow,l,Curabitur at ipsum ac tellus semper interdum.
1,ntootin5i,hunding,pelin,reach,hlaalu,w,Maecenas rhoncus aliquam lacus. Morbi quis tortor id nulla ultrices aliquet.
2,hcrowcher1s,pelin,reach,hlaalu,crow,w,"In hac habitasse platea dictumst. Aliquam augue quam, sollicitudin vitae, consectetuer eget, rutrum at, lorem."
2,ghubball3x,reach,hlaalu,crow,orgnum,l,
2,mgrieswood0,pelin,hunding,hlaalu,crow,w,Nulla justo. Aliquam quis turpis eget elit sodales scelerisque.
1,aladell3l,hunding,crow,reach,hlaalu,l,
2,nspinola54,hlaalu,hunding,reach,pelin,w,
1,lbird1u,hunding,orgnum,psijic,hlaalu,l,"Vivamus vestibulum sagittis sapien. Cum sociis natoque penatibus et magnis dis parturient montes, nascetur ridiculus mus."
1,nmilesop23,hunding,pelin,hlaalu,reach,l,
1,hryhorovich5e,hunding,crow,reach,hlaalu,l,Nullam porttitor lacus at turpis.
2,atasseler1a,pelin,hunding,hlaalu,reach,w,"Cras in purus eu magna vulputate luctus. Cum sociis natoque penatibus et magnis dis parturient montes, nascetur ridiculus mus."
1,fjerattb,hunding,pelin,orgnum,crow,w,Nulla justo. Aliquam quis turpis eget elit sodales scelerisque.
2,ewarlawem,reach,hunding,hlaalu,crow,w,Integer ac neque.
2,cmcinteer2x,reach,hunding,hlaalu,crow,l,
1,hbraam3j,hunding,pelin,orgnum,crow,l,Integer ac neque. Duis bibendum.
2,mnicolson59,psijic,hunding,hlaalu,reach,w,Phasellus id sapien in sapien iaculis congue.
2,atasseler1a,reach,hunding,psijic,hlaalu,l,Morbi ut odio.
2,cfogt25,hunding,reach,pelin,crow,w,Donec ut mauris eget massa tempor convallis.
1,gbrakewell3y,hunding,psijic,pelin,hlaalu,l,Vestibulum sed magna at nunc commodo placerat. Praesent blandit.
2,hryhorovich5e,hunding,reach,hlaalu,crow,w,Etiam faucibus cursus urna. Ut tellus.
2,cdearman2p,hunding,reach,hlaalu,crow,w,In congue.
1,mdrayson5,hunding,crow,pelin,hlaalu,w,Maecenas rhoncus aliquam lacus.
2,mlesarr1c,hunding,reach,pelin,hlaalu,w,
2,lvillaretg,rajhin,hunding,orgnum,reach,l,Curabitur at ipsum ac tellus semper interdum.
2,agarlicke7,psijic,hunding,hlaalu,pelin,l,"Maecenas tristique, est et tempus semper, est quam pharetra magna, ac consequat metus sapien ut nunc. Vestibulum ante ipsum primis in faucibus orci luctus et ultrices posuere cubilia Curae; Mauris viverra diam vitae quam."
1,bespada47,hunding,pelin,reach,hlaalu,w,Nulla mollis molestie lorem.
2,blarkcum4z,psijic,hunding,hlaalu,pelin,c,
2,mnovill55,hlaalu,hunding,pelin,crow,w,Nullam sit amet turpis elementum ligula vehicula consequat. Morbi a ipsum.
1,hhudson27,hunding,reach,crow,hlaalu,w,Integer ac neque. Duis bibendum.
1,jziehms4w,hunding,reach,crow,hlaalu,l,
1,baim4q,hunding,reach,crow,hlaalu,w,Quisque id justo sit amet sapien dignissim vestibulum.
2,kgabbat3e,reach,hunding,hlaalu,crow,l,
2,vsuermeier4c,reach,hunding,hlaalu,pelin,l,"Cras in purus eu magna vulputate luctus. Cum sociis natoque penatibus et magnis dis parturient montes, nascetur ridiculus mus."
1,gpaffley1p,hlaalu,rajhin,psijic,crow,l,Nullam porttitor lacus at turpis. Donec posuere metus vitae ipsum.
2,hpretoriuso,pelin,hunding,hlaalu,reach,w,
1,blemm4u,hunding,reach,pelin,hlaalu,w,Phasellus in felis.
1,tromagnosi28,hunding,reach,hlaalu,pelin,w,Donec posuere metus vitae ipsum. Aliquam non mauris.
2,jlamborn43,hunding,pelin,hlaalu,crow,w,"Fusce congue, diam id ornare imperdiet, sapien urna pretium nisl, ut volutpat sapien arcu sed augue."
1,dolenane3h,hunding,hlaalu,psijic,reach,w,"Duis bibendum, felis sed interdum venenatis, turpis enim blandit mi, in porttitor pede justo eu massa. Donec dapibus."
1,dgocke4h,hunding,pelin,hlaalu,reach,w,"Lorem ipsum dolor sit amet, consectetuer adipiscing elit."
2,mmulqueeny1z,orgnum,hunding,hlaalu,pelin,l,Praesent id massa id nisl venenatis lacinia. Aenean sit amet justo.
1,hfreeman38,hunding,pelin,crow,hlaalu,w,
2,mspurdens2j,psijic,hunding,reach,pelin,l,Aenean sit amet justo. Morbi ut odio.
1,cfogt25,hunding,rajhin,reach,hlaalu,l,Mauris sit amet eros. Suspendisse accumsan tortor quis turpis.
2,cfogt25,reach,hunding,hlaalu,pelin,w,Nulla facilisi. Cras non velit nec nisi vulputate nonummy.
2,mbolle3n,reach,hunding,hlaalu,crow,w,Phasellus in felis.
2,sconklin5j,crow,hunding,hlaalu,pelin,w,Pellentesque viverra pede ac diam. Cras pellentesque volutpat dui.
2,fbehnecken5b,hunding,pelin,hlaalu,rajhin,w,Curabitur at ipsum ac tellus semper interdum. Mauris ullamcorper purus sit amet nulla.
2,gbrakewell3y,pelin,hunding,hlaalu,reach,w,Morbi porttitor lorem id ligula. Suspendisse ornare consequat lectus.
2,pwastelld,pelin,hunding,hlaalu,reach,l,"Cras in purus eu magna vulputate luctus. Cum sociis natoque penatibus et magnis dis parturient montes, nascetur ridiculus mus."
1,jziehms4w,hlaalu,reach,rajhin,pelin,c,"Integer pede justo, lacinia eget, tincidunt eget, tempus vel, pede. Morbi porttitor lorem id ligula."
2,wmccane1b,hlaalu,hunding,pelin,crow,l,
2,apail1,reach,hunding,hlaalu,crow,l,
2,hhudson27,hunding,pelin,hlaalu,reach,c,"Maecenas tristique, est et tempus semper, est quam pharetra magna, ac consequat metus sapien ut nunc."
1,dgocke4h,hunding,hlaalu,rajhin,reach,w,
1,mgranchera,hlaalu,psijic,hunding,reach,w,
2,ftytcomb56,reach,hunding,pelin,crow,w,
1,mpettittj,hlaalu,reach,pelin,hunding,l,"Vestibulum quam sapien, varius ut, blandit non, interdum in, ante."
2,isaffen13,hunding,pelin,hlaalu,reach,l,
2,kgabbat3e,crow,hlaalu,rajhin,orgnum,l,
2,cdodsonr,rajhin,hunding,pelin,orgnum,w,Curabitur convallis.
2,forpyne4o,hunding,hlaalu,pelin,reach,w,
1,tkowalik2n,hlaalu,reach,crow,pelin,w,"Vestibulum ante ipsum primis in faucibus orci luctus et ultrices posuere cubilia Curae; Nulla dapibus dolor vel est. Donec odio justo, sollicitudin ut, suscipit a, feugiat et, eros."
2,pwillimot3q,hlaalu,hunding,pelin,crow,w,Cras in purus eu magna vulputate luctus.
2,pwastelld,reach,hunding,pelin,hlaalu,w,Nullam porttitor lacus at turpis. Donec posuere metus vitae ipsum.
2,abeagleyu,hlaalu,pelin,hunding,reach,w,
1,ntootin5i,hlaalu,hunding,reach,pelin,w,Nulla tempus.
1,charnetty2u,hlaalu,reach,hunding,psijic,w,"Sed sagittis. Nam congue, risus semper porta volutpat, quam pede lobortis ligula, sit amet eleifend pede libero quis orci."
1,ereade15,hlaalu,psijic,hunding,reach,w,Proin at turpis a pede posuere nonummy.
1,eestable22,hlaalu,reach,crow,pelin,w,Maecenas rhoncus aliquam lacus.
2,jlamborn43,reach,hlaalu,hunding,pelin,l,Nulla mollis molestie lorem. Quisque ut erat.
2,bstrute3z,reach,hunding,psijic,pelin,w,"Aliquam augue quam, sollicitudin vitae, consectetuer eget, rutrum at, lorem."
2,sblakslandf,rajhin,hunding,hlaalu,reach,l,In eleifend quam a odio. In hac habitasse platea dictumst.
2,cdodsonr,hlaalu,psijic,reach,rajhin,w,
2,mgrieswood0,crow,hunding,hlaalu,rajhin,l,"Lorem ipsum dolor sit amet, consectetuer adipiscing elit."
2,rescala58,pelin,hunding,reach,orgnum,w,Duis mattis egestas metus.
2,mmulqueeny1z,crow,psijic,pelin,hlaalu,l,Phasellus id sapien in sapien iaculis congue.
2,sstapforth5h,reach,pelin,crow,hlaalu,w,Nulla ac enim.
1,rboeckz,hlaalu,reach,rajhin,psijic,w,"Aliquam sit amet diam in magna bibendum imperdiet. Nullam orci pede, venenatis non, sodales sed, tincidunt eu, felis."
1,ewarlawem,hlaalu,reach,hunding,psijic,l,
2,nmilesop23,reach,hlaalu,hunding,crow,l,"Mauris enim leo, rhoncus sed, vestibulum sit amet, cursus id, turpis. Integer aliquet, massa id lobortis convallis, tortor risus dapibus augue, vel accumsan tellus nisi eu orci."
2,nmilesop23,crow,pelin,rajhin,orgnum,l,Vestibulum ante ipsum primis in faucibus orci luctus et ultrices posuere cubilia Curae; Nulla dapibus dolor vel est.
1,mcuthbertson1t,hlaalu,rajhin,reach,psijic,w,
1,jziehms4w,hlaalu,rajhin,reach,psijic,w,Sed accumsan felis. Ut at dolor quis odio consequat varius.
2,dolenane3h,rajhin,reach,psijic,hlaalu,w,Nulla facilisi. Cras non velit nec nisi vulputate nonummy.
1,pwastelld,hlaalu,crow,rajhin,hunding,w,In sagittis dui vel nisl. Duis ac nibh.
1,nlampet3,hlaalu,pelin,psijic,orgnum,l,In hac habitasse platea dictumst.
2,tdevenish2d,hlaalu,hunding,reach,crow,w,Curabitur gravida nisi at nibh.
1,twessing1q,hlaalu,reach,rajhin,psijic,w,Curabitur convallis.
1,jfludder44,hlaalu,reach,crow,pelin,w,Aenean sit amet justo.
2,sconklin5j,pelin,hunding,hlaalu,reach,w,
2,cdodsonr,reach,hunding,hlaalu,psijic,w,"Lorem ipsum dolor sit amet, consectetuer adipiscing elit. Proin interdum mauris non ligula pellentesque ultrices."
1,rpadgett1i,hlaalu,pelin,rajhin,hunding,w,
2,jfludder44,hunding,hlaalu,psijic,pelin,w,"Cum sociis natoque penatibus et magnis dis parturient montes, nascetur ridiculus mus."
2,sstapforth5h,reach,hunding,hlaalu,psijic,l,Mauris ullamcorper purus sit amet nulla.
2,agarlicke7,reach,hlaalu,hunding,pelin,l,Suspendisse potenti.
2,cdodsonr,crow,pelin,reach,hlaalu,w,Maecenas rhoncus aliquam lacus. Morbi quis tortor id nulla ultrices aliquet.
1,bpirrey5f,hlaalu,rajhin,psijic,reach,l,"Mauris enim leo, rhoncus sed, vestibulum sit amet, cursus id, turpis. Integer aliquet, massa id lobortis convallis, tortor risus dapibus augue, vel accumsan tellus nisi eu orci."
2,wschwandermann4j,pelin,hlaalu,reach,crow,l,Suspendisse ornare consequat lectus.
2,dchallin35,pelin,hlaalu,reach,crow,l,Fusce posuere felis sed lacus.
1,mprise4f,hlaalu,reach,crow,pelin,c,Vivamus tortor.
2,ghadlee2v,reach,hunding,hlaalu,crow,w,"Nam dui. Proin leo odio, porttitor id, consequat in, consequat ut, nulla."
2,abeagleyu,crow,hunding,hlaalu,pelin,l,
1,lvillaretg,hlaalu,rajhin,orgnum,psijic,w,Donec ut dolor. Morbi vel lectus in quam fringilla rhoncus.
2,cpannaman57,pelin,hunding,crow,reach,w,"Morbi odio odio, elementum eu, interdum eu, tincidunt in, leo. Maecenas pulvinar lobortis est."
2,ghadlee2v,reach,hunding,hlaalu,crow,l,"In hac habitasse platea dictumst. Morbi vestibulum, velit id pretium iaculis, diam erat fermentum justo, nec condimentum neque sapien placerat ante."
2,oshayler34,hlaalu,hunding,psijic,orgnum,w,Vivamus tortor. Duis mattis egestas metus.
1,ijensen4l,hlaalu,hunding,psijic,reach,l,Curabitur convallis. Duis consequat dui nec nisi volutpat eleifend.
1,garne16,hlaalu,reach,rajhin,psijic,l,Fusce posuere felis sed lacus.
2,slate3o,reach,hlaalu,hunding,pelin,w,"Integer aliquet, massa id lobortis convallis, tortor risus dapibus augue, vel accumsan tellus nisi eu orci."
1,nlampet3,hlaalu,reach,crow,pelin,l,
1,bogger51,hlaalu,reach,rajhin,psijic,l,Vestibulum rutrum rutrum neque. Aenean auctor gravida sem.
1,tdevenish2d,hlaalu,hunding,pelin,reach,w,Pellentesque viverra pede ac diam.
1,wpurchall4r,hlaalu,crow,psijic,reach,w,
2,kbrassill14,pelin,hunding,hlaalu,orgnum,l,Etiam pretium iaculis justo.
1,dbicheno26,hlaalu,orgnum,reach,hunding,w,"Aliquam augue quam, sollicitudin vitae, consectetuer eget, rutrum at, lorem. Integer tincidunt ante vel ipsum."
2,rgillingwater1k,psijic,hlaalu,reach,hunding,l,"Duis bibendum, felis sed interdum venenatis, turpis enim blandit mi, in porttitor pede justo eu massa."
2,nbrear12,reach,hlaalu,hunding,rajhin,w,Duis mattis egestas metus. Aenean fermentum.
1,sgiraudot18,hlaalu,pelin,reach,hunding,w,"Lorem ipsum dolor sit amet, consectetuer adipiscing elit."
2,tdevenish2d,crow,hunding,pelin,hlaalu,l,"Nullam orci pede, venenatis non, sodales sed, tincidunt eu, felis. Fusce posuere felis sed lacus."
1,apail1,hlaalu,reach,pelin,hunding,w,"Quisque arcu libero, rutrum ac, lobortis vel, dapibus at, diam. Nam tristique tortor eu pede."
2,mpolleye,reach,hunding,hlaalu,rajhin,l,"Cum sociis natoque penatibus et magnis dis parturient montes, nascetur ridiculus mus. Etiam vel augue."
2,plemery2,crow,pelin,reach,hlaalu,w,Nullam molestie nibh in lectus. Pellentesque at nulla.
2,mnovill55,reach,hlaalu,hunding,crow,w,Suspendisse accumsan tortor quis turpis. Sed ante.
2,mnicolson59,pelin,hunding,crow,reach,w,Morbi non quam nec dui luctus rutrum. Nulla tellus.
2,mcorpes1e,pelin,hlaalu,reach,crow,w,
1,bboullin1f,hlaalu,reach,hunding,pelin,w,Nullam varius. Nulla facilisi.
1,gcosby2t,hlaalu,crow,reach,hunding,w,"Sed sagittis. Nam congue, risus semper porta volutpat, quam pede lobortis ligula, sit amet eleifend pede libero quis orci."
1,gbrakewell3y,hlaalu,crow,pelin,hunding,w,
1,ltorrejon2l,hlaalu,rajhin,pelin,hunding,w,"Maecenas leo odio, condimentum id, luctus nec, molestie sed, justo."
1,cgawkroge4x,hlaalu,reach,psijic,hunding,l,
2,cmccartney2q,hlaalu,hunding,reach,psijic,l,Praesent id massa id nisl venenatis lacinia. Aenean sit amet justo.
2,tglanton17,crow,pelin,hunding,hlaalu,w,Etiam faucibus cursus urna.
1,mmulqueeny1z,hlaalu,reach,crow,psijic,l,"Vivamus metus arcu, adipiscing molestie, hendrerit at, vulputate vitae, nisl."
1,mpolleye,hlaalu,psijic,crow,hunding,w,
1,gcuttings1r,hlaalu,reach,crow,pelin,w,Etiam vel augue. Vestibulum rutrum rutrum neque.
1,rskill21,hlaalu,reach,hunding,psijic,l,Nullam porttitor lacus at turpis.
1,vlefleming33,hlaalu,crow,reach,hunding,w,"Morbi sem mauris, laoreet ut, rhoncus aliquet, pulvinar sed, nisl."
1,hhudson27,hlaalu,hunding,pelin,reach,w,
2,mpolleye,hunding,hlaalu,reach,pelin,w,Maecenas ut massa quis augue luctus tincidunt.
1,etinston1n,hlaalu,crow,hunding,pelin,w,
1,smaccrea3m,hlaalu,hunding,orgnum,crow,w,In blandit ultrices enim.
2,hbraam3j,rajhin,hunding,pelin,hlaalu,w,Aenean fermentum. Donec ut mauris eget massa tempor convallis.
2,cdearman2p,pelin,hunding,reach,crow,w,Suspendisse accumsan tortor quis turpis. Sed ante.
2,nchristiensen3w,crow,hunding,pelin,reach,w,
1,tdevenish2d,hlaalu,crow,orgnum,hunding,w,"Cum sociis natoque penatibus et magnis dis parturient montes, nascetur ridiculus mus."
2,sdymick36,reach,hlaalu,hunding,orgnum,c,Curabitur convallis.
2,lmalden1w,reach,pelin,crow,hlaalu,w,Morbi porttitor lorem id ligula.
1,cmcinteer2x,hlaalu,reach,crow,rajhin,w,"Integer pede justo, lacinia eget, tincidunt eget, tempus vel, pede. Morbi porttitor lorem id ligula."
2,ijensen4l,hlaalu,psijic,reach,orgnum,l,In congue.
2,sbaly3r,reach,pelin,hlaalu,orgnum,w,Morbi non lectus. Aliquam sit amet diam in magna bibendum imperdiet.
1,atatershall3t,hlaalu,pelin,psijic,reach,w,Phasellus in felis.
1,cpetigrew3g,hlaalu,pelin,crow,hunding,w,Duis consequat dui nec nisi volutpat eleifend.
1,jmcquarrie20,hlaalu,pelin,reach,hunding,w,
2,ckingaby2c,hunding,pelin,reach,hlaalu,w,Pellentesque ultrices mattis odio. Donec vitae nisi.
1,jchristley4i,hlaalu,reach,hunding,pelin,w,In hac habitasse platea dictumst. Maecenas ut massa quis augue luctus tincidunt.
2,bjoicey1y,pelin,hlaalu,reach,rajhin,c,Quisque ut erat. Curabitur gravida nisi at nibh.
1,jfisby4p,hlaalu,pelin,reach,hunding,w,
1,bbulcock8,hlaalu,psijic,pelin,crow,w,
1,ntootin5i,hlaalu,reach,pelin,hunding,l,
2,hbraam3j,reach,hlaalu,hunding,rajhin,w,"Morbi vel lectus in quam fringilla rhoncus. Mauris enim leo, rhoncus sed, vestibulum sit amet, cursus id, turpis."
2,tglanton17,hunding,reach,pelin,hlaalu,w,
2,rfarmer4y,hunding,pelin,reach,hlaalu,w,"Vestibulum ante ipsum primis in faucibus orci luctus et ultrices posuere cubilia Curae; Donec pharetra, magna vestibulum aliquet ultrices, erat tortor sollicitudin mi, sit amet lobortis sapien sapien non mi."
2,bharriss2y,psijic,hlaalu,reach,hunding,l,"Cum sociis natoque penatibus et magnis dis parturient montes, nascetur ridiculus mus. Etiam vel augue."
2,mnicolson59,hlaalu,hunding,reach,pelin,w,Integer tincidunt ante vel ipsum.
2,dolenane3h,hlaalu,reach,crow,rajhin,w,"Cras mi pede, malesuada in, imperdiet et, commodo vulputate, justo."
2,tglanton17,reach,pelin,hunding,crow,w,Etiam pretium iaculis justo.
1,sgiraudot18,hlaalu,reach,hunding,pelin,w,"Quisque arcu libero, rutrum ac, lobortis vel, dapibus at, diam."
2,jziehms4w,reach,hunding,pelin,hlaalu,w,
2,hhillock50,reach,pelin,hunding,crow,w,Aenean lectus. Pellentesque eget nunc.
1,rpadgett1i,hlaalu,reach,crow,rajhin,w,Curabitur at ipsum ac tellus semper interdum.
2,nbasnetts,reach,hunding,pelin,rajhin,l,
2,bpirrey5f,reach,hunding,pelin,hlaalu,c,Maecenas tincidunt lacus at velit.
1,charnetty2u,hlaalu,crow,psijic,hunding,w,"Vestibulum ac est lacinia nisi venenatis tristique. Fusce congue, diam id ornare imperdiet, sapien urna pretium nisl, ut volutpat sapien arcu sed augue."
1,hhudson27,hlaalu,reach,hunding,pelin,w,Nulla justo.
1,baim4q,hlaalu,pelin,rajhin,hunding,w,"Nam ultrices, libero non mattis pulvinar, nulla pede ullamcorper augue, a suscipit nulla elit ac nulla."
2,kbrassill14,reach,pelin,hunding,hlaalu,w,"In est risus, auctor sed, tristique in, tempus sit amet, sem."
1,twessing1q,hlaalu,hunding,reach,pelin,w,Nulla facilisi.
2,kdebill45,crow,pelin,hunding,orgnum,l,Nullam porttitor lacus at turpis. Donec posuere metus vitae ipsum.
2,sconklin5j,hunding,pelin,reach,hlaalu,l,Suspendisse potenti. Cras in purus eu magna vulputate luctus.
1,mdrayson5,hlaalu,pelin,crow,hunding,w,
2,flettsom31,hlaalu,hunding,pelin,crow,l,"In blandit ultrices enim. Lorem ipsum dolor sit amet, consectetuer adipiscing elit."
2,sdowleh,pelin,hunding,reach,hlaalu,l,Suspendisse potenti. Nullam porttitor lacus at turpis.
2,nbasnetts,pelin,hlaalu,reach,crow,w,"Curabitur in libero ut massa volutpat convallis. Morbi odio odio, elementum eu, interdum eu, tincidunt in, leo."
1,rovery1h,hlaalu,pelin,hunding,reach,w,"Integer pede justo, lacinia eget, tincidunt eget, tempus vel, pede."
1,eestable22,hlaalu,psijic,rajhin,reach,w,
2,bespada47,hlaalu,pelin,hunding,reach,w,
2,tgronw4m,hlaalu,pelin,hunding,reach,l,"Vestibulum ante ipsum primis in faucibus orci luctus et ultrices posuere cubilia Curae; Donec pharetra, magna vestibulum aliquet ultrices, erat tortor sollicitudin mi, sit amet lobortis sapien sapien non mi."
2,jtrundle1x,psijic,hlaalu,reach,orgnum,w,Proin interdum mauris non ligula pellentesque ultrices. Phasellus id sapien in sapien iaculis congue.
2,tkowalik2n,pelin,hunding,hlaalu,reach,w,
1,wmccane1b,hlaalu,reach,pelin,hunding,w,Nulla justo.
2,ewarlawem,reach,hlaalu,psijic,crow,l,"Quisque porta volutpat erat. Quisque erat eros, viverra eget, congue eget, semper rutrum, nulla."
1,nlampet3,hlaalu,pelin,psijic,reach,w,Pellentesque ultrices mattis odio. Donec vitae nisi.
1,mgranchera,hlaalu,reach,rajhin,psijic,w,"Maecenas leo odio, condimentum id, luctus nec, molestie sed, justo."
2,adenisyukl,rajhin,reach,psijic,hlaalu,l,Vestibulum ante ipsum primis in faucibus orci luctus et ultrices posuere cubilia Curae; Mauris viverra diam vitae quam.
2,bgoldstein48,reach,pelin,hunding,crow,w,Fusce consequat. Nulla nisl.
1,plemery2,hlaalu,reach,rajhin,psijic,w,"Donec vitae nisi. Nam ultrices, libero non mattis pulvinar, nulla pede ullamcorper augue, a suscipit nulla elit ac nulla."
1,atrembath1g,hlaalu,reach,psijic,hunding,w,Nam dui.
1,cwolledge3p,hlaalu,pelin,crow,hunding,w,
1,pwastelld,hlaalu,reach,hunding,pelin,w,Proin at turpis a pede posuere nonummy.
1,npeasby11,hlaalu,pelin,crow,hunding,w,Praesent blandit lacinia erat. Vestibulum sed magna at nunc commodo placerat.
1,tsherrard2r,hlaalu,rajhin,reach,psijic,w,In eleifend quam a odio. In hac habitasse platea dictumst.
2,bstrute3z,reach,hlaalu,hunding,crow,l,
1,nwestfield46,hlaalu,reach,pelin,hunding,w,
2,mbraniff2h,crow,hunding,pelin,hlaalu,w,"Mauris enim leo, rhoncus sed, vestibulum sit amet, cursus id, turpis. Integer aliquet, massa id lobortis convallis, tortor risus dapibus augue, vel accumsan tellus nisi eu orci."
1,abaxstare1o,hlaalu,reach,crow,rajhin,w,
1,mspurdens2j,hlaalu,crow,reach,rajhin,w,"Cras pellentesque volutpat dui. Maecenas tristique, est et tempus semper, est quam pharetra magna, ac consequat metus sapien ut nunc."
2,cmcinteer2x,hunding,reach,pelin,rajhin,w,
1,jfludder44,hlaalu,pelin,crow,hunding,w,
2,jmcquarrie20,crow,pelin,rajhin,hlaalu,w,Phasellus sit amet erat. Nulla tempus.
1,hpretoriuso,hlaalu,hunding,reach,psijic,w,"Vestibulum quam sapien, varius ut, blandit non, interdum in, ante."
2,edashwood9,reach,hlaalu,pelin,crow,l,In blandit ultrices enim.
2,garne16,crow,hunding,pelin,hlaalu,w,
1,edashwood9,hlaalu,reach,crow,rajhin,w,Nullam porttitor lacus at turpis.
1,bmartellop,hlaalu,reach,crow,rajhin,w,Integer tincidunt ante vel ipsum.
1,mgrieswood0,hlaalu,hunding,pelin,reach,w,Nullam porttitor lacus at turpis. Donec posuere metus vitae ipsum.
1,lvillaretg,hlaalu,crow,psijic,orgnum,w,
2,eestable22,psijic,hunding,reach,hlaalu,w,Pellentesque eget nunc. Donec quis orci eget orci vehicula condimentum.
1,cskirvane29,hlaalu,pelin,hunding,reach,w,"Quisque erat eros, viverra eget, congue eget, semper rutrum, nulla."
1,dgocke4h,hlaalu,hunding,pelin,reach,w,"Donec odio justo, sollicitudin ut, suscipit a, feugiat et, eros."
2,tgronw4m,hunding,pelin,reach,hlaalu,l,Pellentesque eget nunc.
2,rpadgett1i,pelin,rajhin,crow,hlaalu,w,Donec quis orci eget orci vehicula condimentum.
1,esouthwell40,hlaalu,hunding,crow,pelin,l,Proin risus.
1,jmcquarrie20,hlaalu,pelin,reach,hunding,l,Duis at velit eu est congue elementum.
2,lbird1u,rajhin,pelin,hunding,hlaalu,w,
1,bharriss2y,hlaalu,pelin,crow,reach,l,"Vestibulum ac est lacinia nisi venenatis tristique. Fusce congue, diam id ornare imperdiet, sapien urna pretium nisl, ut volutpat sapien arcu sed augue."
2,ewarlawem,pelin,rajhin,hunding,reach,w,"Donec diam neque, vestibulum eget, vulputate ut, ultrices vel, augue."
2,icollens1d,psijic,hunding,reach,hlaalu,w,Pellentesque at nulla. Suspendisse potenti.
2,mprise4f,reach,psijic,hunding,crow,l,"Maecenas leo odio, condimentum id, luctus nec, molestie sed, justo."
2,gserjeantson2f,reach,psijic,hlaalu,pelin,l,"Maecenas tristique, est et tempus semper, est quam pharetra magna, ac consequat metus sapien ut nunc. Vestibulum ante ipsum primis in faucibus orci luctus et ultrices posuere cubilia Curae; Mauris viverra diam vitae quam."
1,tglanton17,hlaalu,orgnum,hunding,crow,w,"Praesent lectus. Vestibulum quam sapien, varius ut, blandit non, interdum in, ante."
1,tcrookshank4,hlaalu,orgnum,hunding,crow,w,"Mauris enim leo, rhoncus sed, vestibulum sit amet, cursus id, turpis. Integer aliquet, massa id lobortis convallis, tortor risus dapibus augue, vel accumsan tellus nisi eu orci."
1,rovery1h,hlaalu,pelin,rajhin,hunding,l,"Nulla ac enim. In tempor, turpis nec euismod scelerisque, quam turpis adipiscing lorem, vitae mattis nibh ligula nec sem."
1,kdebill45,hlaalu,reach,rajhin,psijic,c,"Maecenas leo odio, condimentum id, luctus nec, molestie sed, justo."
1,jmcquarrie20,hlaalu,hunding,pelin,reach,w,"Nulla neque libero, convallis eget, eleifend luctus, ultricies eu, nibh. Quisque id justo sit amet sapien dignissim vestibulum."
2,bmccloudi,reach,pelin,hlaalu,crow,w,
2,ageorgeou3u,reach,pelin,hunding,psijic,w,
1,ebuckner32,pelin,hlaalu,crow,orgnum,l,
1,cfogt25,hlaalu,psijic,pelin,orgnum,w,Aliquam quis turpis eget elit sodales scelerisque. Mauris sit amet eros.
2,arome4v,crow,pelin,rajhin,reach,w,
2,mnicolson59,crow,pelin,rajhin,reach,l,"In est risus, auctor sed, tristique in, tempus sit amet, sem."
2,npeasby11,crow,hunding,pelin,hlaalu,c,Maecenas rhoncus aliquam lacus. Morbi quis tortor id nulla ultrices aliquet.
2,tkowalik2n,reach,pelin,hlaalu,crow,w,Nulla facilisi. Cras non velit nec nisi vulputate nonummy.
1,mmorse4t,hlaalu,crow,reach,rajhin,w,In congue.
1,sbaly3r,hlaalu,crow,reach,hunding,l,Nulla ac enim.
1,ckingaby2c,pelin,hunding,crow,hlaalu,l,
1,bbulcock8,hlaalu,reach,pelin,hunding,l,Nunc nisl.
1,drobez37,hunding,reach,pelin,hlaalu,w,
2,bjoicey1y,pelin,hunding,reach,crow,w,Nam tristique tortor eu pede.
2,tplevey3d,crow,hunding,hlaalu,reach,dc,Aenean lectus. Pellentesque eget nunc.
2,dchallin35,psijic,hunding,hlaalu,rajhin,l,
1,bpirrey5f,hlaalu,psijic,orgnum,rajhin,w,
1,mcorpes1e,hlaalu,pelin,rajhin,hunding,c,Maecenas tincidunt lacus at velit. Vivamus vel nulla eget eros elementum pellentesque.
2,mtumielli52,crow,rajhin,hlaalu,reach,l,Curabitur in libero ut massa volutpat convallis.
1,kdebill45,hlaalu,crow,pelin,hunding,w,
2,bharriss2y,crow,pelin,rajhin,reach,w,
1,vlefleming33,hlaalu,crow,psijic,orgnum,w,Morbi non quam nec dui luctus rutrum. Nulla tellus.
2,nchristiensen3w,pelin,hunding,reach,crow,w,Quisque id justo sit amet sapien dignissim vestibulum.
2,dfrissellk,reach,pelin,hunding,crow,w,Duis aliquam convallis nunc. Proin at turpis a pede posuere nonummy.
2,cyerlett2k,reach,pelin,hunding,crow,w,"Nullam orci pede, venenatis non, sodales sed, tincidunt eu, felis."
2,hcrowcher1s,hlaalu,pelin,reach,rajhin,w,
2,charnetty2u,reach,pelin,hlaalu,crow,l,Suspendisse potenti. Cras in purus eu magna vulputate luctus.
1,fbehnecken5b,hlaalu,pelin,reach,hunding,w,
1,blarkcum4z,hlaalu,reach,crow,rajhin,c,Aenean lectus. Pellentesque eget nunc.
1,hhudson27,hlaalu,crow,psijic,hunding,w,Quisque porta volutpat erat.
2,gcosby2t,hunding,pelin,hlaalu,crow,c,Nam dui.
1,rescala58,hlaalu,reach,rajhin,psijic,w,Proin at turpis a pede posuere nonummy. Integer non velit.
2,tgronw4m,rajhin,pelin,hunding,reach,w,
2,gcosby2t,reach,pelin,hlaalu,crow,w,
2,tromagnosi28,reach,pelin,hlaalu,crow,c,
2,bespada47,reach,pelin,hlaalu,psijic,c,Sed sagittis.
2,jschrir2g,reach,hunding,hlaalu,pelin,c,Maecenas rhoncus aliquam lacus. Morbi quis tortor id nulla ultrices aliquet.
2,tsherrard2r,pelin,hlaalu,hunding,psijic,l,"Morbi sem mauris, laoreet ut, rhoncus aliquet, pulvinar sed, nisl."
2,ltorrejon2l,crow,rajhin,hunding,hlaalu,c,Nulla tempus.
2,ngarmon2e,pelin,hlaalu,reach,crow,w,"Vivamus metus arcu, adipiscing molestie, hendrerit at, vulputate vitae, nisl. Aenean lectus."
2,adenisyukl,pelin,hlaalu,reach,crow,c,Maecenas rhoncus aliquam lacus. Morbi quis tortor id nulla ultrices aliquet.
1,npeasby11,hlaalu,psijic,rajhin,reach,l,
2,ntootin5i,hunding,hlaalu,pelin,crow,l,
1,etinston1n,hlaalu,hunding,crow,orgnum,l,Aliquam non mauris. Morbi non lectus.
2,zlethleyx,crow,rajhin,hlaalu,reach,w,Nunc rhoncus dui vel sem.
2,twessing1q,reach,rajhin,pelin,psijic,w,Pellentesque ultrices mattis odio.
1,hhillock50,hlaalu,orgnum,pelin,crow,l,"Lorem ipsum dolor sit amet, consectetuer adipiscing elit. Proin interdum mauris non ligula pellentesque ultrices."
2,icollens1d,reach,hunding,pelin,hlaalu,w,"Aliquam augue quam, sollicitudin vitae, consectetuer eget, rutrum at, lorem."
2,slate3o,rajhin,pelin,hlaalu,reach,w,Aliquam erat volutpat.
2,apail1,hlaalu,reach,pelin,crow,c,"Morbi vel lectus in quam fringilla rhoncus. Mauris enim leo, rhoncus sed, vestibulum sit amet, cursus id, turpis."
2,apail1,hlaalu,pelin,hunding,psijic,w,Nullam molestie nibh in lectus. Pellentesque at nulla.
2,sblakslandf,reach,hlaalu,rajhin,psijic,w,"Fusce congue, diam id ornare imperdiet, sapien urna pretium nisl, ut volutpat sapien arcu sed augue. Aliquam erat volutpat."
1,kharpur3v,hlaalu,reach,pelin,hunding,l,Ut tellus.
2,logara6,reach,pelin,hlaalu,crow,c,"Morbi vestibulum, velit id pretium iaculis, diam erat fermentum justo, nec condimentum neque sapien placerat ante. Nulla justo."
1,iwiddall3c,hlaalu,crow,reach,rajhin,l,"Nam dui. Proin leo odio, porttitor id, consequat in, consequat ut, nulla."
2,rfarmer4y,rajhin,hunding,pelin,reach,w,"Maecenas tristique, est et tempus semper, est quam pharetra magna, ac consequat metus sapien ut nunc. Vestibulum ante ipsum primis in faucibus orci luctus et ultrices posuere cubilia Curae; Mauris viverra diam vitae quam."
2,ghubball3x,reach,rajhin,hlaalu,crow,l,
1,etinston1n,pelin,reach,crow,hunding,w,"Morbi odio odio, elementum eu, interdum eu, tincidunt in, leo. Maecenas pulvinar lobortis est."
1,ageorgeou3u,pelin,reach,hunding,hlaalu,w,In quis justo. Maecenas rhoncus aliquam lacus.
1,blarkcum4z,hlaalu,rajhin,psijic,reach,l,"Nam congue, risus semper porta volutpat, quam pede lobortis ligula, sit amet eleifend pede libero quis orci. Nullam molestie nibh in lectus."
1,abaxstare1o,pelin,hlaalu,crow,hunding,w,Praesent blandit lacinia erat. Vestibulum sed magna at nunc commodo placerat.
2,gpaffley1p,pelin,hunding,reach,hlaalu,w,
2,wschwandermann4j,pelin,hlaalu,reach,psijic,c,"Aliquam sit amet diam in magna bibendum imperdiet. Nullam orci pede, venenatis non, sodales sed, tincidunt eu, felis."
2,mmorse4t,reach,hunding,pelin,rajhin,c,
2,kbrassill14,orgnum,hunding,crow,pelin,l,Aenean auctor gravida sem. Praesent id massa id nisl venenatis lacinia.
1,tharesnape10,hlaalu,orgnum,pelin,rajhin,w,Vivamus vel nulla eget eros elementum pellentesque. Quisque porta volutpat erat.
2,ageorgeou3u,hlaalu,hunding,rajhin,crow,w,"Nulla neque libero, convallis eget, eleifend luctus, ultricies eu, nibh. Quisque id justo sit amet sapien dignissim vestibulum."
2,esouthwell40,reach,pelin,hlaalu,hunding,w,Integer a nibh.
1,nkapiloff5c,pelin,reach,rajhin,hlaalu,w,Pellentesque eget nunc. Donec quis orci eget orci vehicula condimentum.
1,mgrieswood0,pelin,crow,psijic,reach,w,"Morbi ut odio. Cras mi pede, malesuada in, imperdiet et, commodo vulputate, justo."
1,jbaber3k,hunding,pelin,crow,hlaalu,w,
2,mtumielli52,crow,hlaalu,pelin,psijic,w,
1,ksquibb30,hunding,psijic,rajhin,crow,w,
2,mnicolson59,hlaalu,pelin,hunding,reach,w,In congue.
1,esouthwell40,hlaalu,psijic,pelin,rajhin,w,Nulla facilisi. Cras non velit nec nisi vulputate nonummy.
1,ftytcomb56,hunding,orgnum,hlaalu,reach,w,Vestibulum ante ipsum primis in faucibus orci luctus et ultrices posuere cubilia Curae; Duis faucibus accumsan odio. Curabitur convallis.
1,rpadgett1i,hunding,orgnum,hlaalu,reach,w,In blandit ultrices enim.
2,mgranchera,hlaalu,hunding,orgnum,crow,l,"Cum sociis natoque penatibus et magnis dis parturient montes, nascetur ridiculus mus."
2,tplevey3d,crow,hunding,pelin,hlaalu,w,
2,lkarpenya1j,hlaalu,pelin,reach,psijic,w,
1,enettles53,hunding,reach,crow,pelin,w,Nulla ut erat id mauris vulputate elementum. Nullam varius.
2,mmorse4t,crow,pelin,reach,hlaalu,l,Aliquam sit amet diam in magna bibendum imperdiet.
2,mnovill55,hlaalu,pelin,hunding,reach,l,Nulla justo. Aliquam quis turpis eget elit sodales scelerisque.
1,lbird1u,hlaalu,psijic,pelin,reach,w,"Vestibulum ante ipsum primis in faucibus orci luctus et ultrices posuere cubilia Curae; Donec pharetra, magna vestibulum aliquet ultrices, erat tortor sollicitudin mi, sit amet lobortis sapien sapien non mi."
2,ltorrejon2l,crow,hunding,pelin,orgnum,w,
1,tharcus42,pelin,crow,orgnum,hunding,w,
2,bjoicey1y,orgnum,hunding,crow,hlaalu,w,
2,bwhistance2z,psijic,hlaalu,reach,pelin,w,Nullam sit amet turpis elementum ligula vehicula consequat. Morbi a ipsum.
1,bboullin1f,pelin,crow,reach,hunding,w,"Lorem ipsum dolor sit amet, consectetuer adipiscing elit."
1,rboeckz,pelin,rajhin,psijic,hlaalu,dc,"Donec odio justo, sollicitudin ut, suscipit a, feugiat et, eros."
2,bgoldstein48,pelin,hunding,crow,reach,c,
1,mpettittj,hlaalu,crow,reach,pelin,w,Cras pellentesque volutpat dui.
1,mnovill55,pelin,reach,crow,hunding,c,
1,bogger51,psijic,reach,hlaalu,crow,l,Nullam sit amet turpis elementum ligula vehicula consequat.
